INSERT INTO veiculo (id, ano, marca, modelo, placa, renavan, tamanho) VALUES (1, 2017, 'Maia de Reis', 'sales.juliana', 'mov-7547', '81123257042.00', '2.14');
INSERT INTO veiculo (id, ano, marca, modelo, placa, renavan, tamanho) VALUES (2, 2023, 'Vale e Santana', 'inácio.montenegro', 'qek-1608', '75080303098.00', '2.57');
INSERT INTO veiculo (id, ano, marca, modelo, placa, renavan, tamanho) VALUES (3, 2020, 'Abreu de Roque', 'uchoa.gabriela', 'hxl-8928', '27270970621.00', '3.56');
INSERT INTO veiculo (id, ano, marca, modelo, placa, renavan, tamanho) VALUES (4, 2020, 'das Neves SA', 'carlos59', 'yqo-0284', '77132411724.00', '2.47');
INSERT INTO veiculo (id, ano, marca, modelo, placa, renavan, tamanho) VALUES (5, 2024, 'Valdez-Garcia', 'benjamin.valdez', 'lla-6245', '98974741780.00', '3.33');
INSERT INTO veiculo (id, ano, marca, modelo, placa, renavan, tamanho) VALUES (6, 2023, 'Valdez, Grego e Saraiva', 'luciano19', 'ifn-8010', '74504619082.00', '3.33');
INSERT INTO veiculo (id, ano, marca, modelo, placa, renavan, tamanho) VALUES (7, 2019, 'Queirós e Associados', 'emarinho', 'soo-6248', '75444237079.00', '2.93');
INSERT INTO veiculo (id, ano, marca, modelo, placa, renavan, tamanho) VALUES (8, 2017, 'Salazar de Gusmão', 'qmeireles', 'vzo-8350', '74374443911.00', '3.27');
INSERT INTO veiculo (id, ano, marca, modelo, placa, renavan, tamanho) VALUES (9, 2021, 'Vieira, Gonçalves e Salas', 'delvalle.miguel', 'rrz-3915', '96459739326.00', '3.7');
INSERT INTO veiculo (id, ano, marca, modelo, placa, renavan, tamanho) VALUES (10, 2020, 'Meireles-Salas', 'oestrada', 'qxs-6232', '79641108984.00', '3.28');
INSERT INTO veiculo (id, ano, marca, modelo, placa, renavan, tamanho) VALUES (11, 2020, 'Gusmão S. de H.', 'franco.sara', 'uhi-8334', '27155291946.00', '3.21');
INSERT INTO veiculo (id, ano, marca, modelo, placa, renavan, tamanho) VALUES (12, 2014, 'Camacho, Marinho e Delgado', 'batista.noel', 'pii-1193', '25306084981.00', '3.38');
INSERT INTO veiculo (id, ano, marca, modelo, placa, renavan, tamanho) VALUES (13, 2017, 'Escobar SRL', 'fábio.pontes', 'adw-7767', '13118749536.00', '2.29');
INSERT INTO veiculo (id, ano, marca, modelo, placa, renavan, tamanho) VALUES (14, 2017, 'Escobar de Pontes', 'carolina74', 'jlc-3541', '84048058049.00', '3.26');
INSERT INTO veiculo (id, ano, marca, modelo, placa, renavan, tamanho) VALUES (15, 2017, 'Leal de Mendonça', 'lucas.sandoval', 'npm-4921', '33709115770.00', '3.61');
INSERT INTO veiculo (id, ano, marca, modelo, placa, renavan, tamanho) VALUES (16, 2016, 'Matias de Neves', 'alexa25', 'cvk-1103', '85585492649.00', '3.78');
INSERT INTO veiculo (id, ano, marca, modelo, placa, renavan, tamanho) VALUES (17, 2021, 'Rios e Filhos', 'rpontes', 'cwq-3277', '96738030193.00', '2.69');
INSERT INTO veiculo (id, ano, marca, modelo, placa, renavan, tamanho) VALUES (18, 2017, 'Fernandes-Oliveira', 'godói.ricardo', 'paq-7185', '26808142494.00', '2.09');
INSERT INTO veiculo (id, ano, marca, modelo, placa, renavan, tamanho) VALUES (19, 2013, 'Matos, Domingues e Salazar', 'fátima21', 'nvz-8295', '94720361023.00', '2.84');
INSERT INTO veiculo (id, ano, marca, modelo, placa, renavan, tamanho) VALUES (20, 2013, 'Mascarenhas de Batista', 'eazevedo', 'kyj-3007', '57787165969.00', '2.51');
INSERT INTO veiculo (id, ano, marca, modelo, placa, renavan, tamanho) VALUES (21, 2018, 'Urias-Ramires', 'gmolina', 'cvo-9738', '75744803529.00', '3.11');
INSERT INTO veiculo (id, ano, marca, modelo, placa, renavan, tamanho) VALUES (22, 2024, 'das Neves de Vale', 'emanuel72', 'yfr-2325', '71078744605.00', '3.1');
INSERT INTO veiculo (id, ano, marca, modelo, placa, renavan, tamanho) VALUES (23, 2018, 'Oliveira e Filha', 'serrano.fabiana', 'nua-2698', '37172055975.00', '2.98');
INSERT INTO veiculo (id, ano, marca, modelo, placa, renavan, tamanho) VALUES (24, 2015, 'Grego de Delvalle', 'duarte.regina', 'zkj-8246', '63966841115.00', '3.28');
INSERT INTO veiculo (id, ano, marca, modelo, placa, renavan, tamanho) VALUES (25, 2013, 'Pedrosa e Delgado', 'lmatos', 'wsc-6733', '99717496968.00', '2.42');
INSERT INTO veiculo (id, ano, marca, modelo, placa, renavan, tamanho) VALUES (26, 2015, 'Mendes e Cervantes', 'aranda.sabrina', 'lin-9772', '32040297763.00', '2.86');
INSERT INTO veiculo (id, ano, marca, modelo, placa, renavan, tamanho) VALUES (27, 2021, 'de Aguiar de Ramires', 'valentin92', 'nol-8816', '14525798967.00', '2.38');
INSERT INTO veiculo (id, ano, marca, modelo, placa, renavan, tamanho) VALUES (28, 2020, 'Matos de Faro', 'joaquin81', 'tsm-7293', '24868217150.00', '2.75');
INSERT INTO veiculo (id, ano, marca, modelo, placa, renavan, tamanho) VALUES (29, 2022, 'Santana-de Aguiar', 'aaron69', 'iun-4051', '27076837749.00', '2.72');
INSERT INTO veiculo (id, ano, marca, modelo, placa, renavan, tamanho) VALUES (30, 2016, 'Pacheco, Carmona e Pacheco', 'vale.olívia', 'uas-1150', '34891656382.00', '2.64');
INSERT INTO veiculo (id, ano, marca, modelo, placa, renavan, tamanho) VALUES (31, 2016, 'Dominato e Filhos', 'mia79', 'ofu-7320', '74405891191.00', '2.24');
INSERT INTO veiculo (id, ano, marca, modelo, placa, renavan, tamanho) VALUES (32, 2016, 'Serna, Faria e Mascarenhas', 'joaquin.casanova', 'jkt-2529', '97275470708.00', '3.96');
INSERT INTO veiculo (id, ano, marca, modelo, placa, renavan, tamanho) VALUES (33, 2015, 'Faria S. de H.', 'rebeca44', 'rjo-9644', '53066824254.00', '3.67');
INSERT INTO veiculo (id, ano, marca, modelo, placa, renavan, tamanho) VALUES (34, 2018, 'Galhardo-das Dores', 'gabriel18', 'wzm-4065', '34313250826.00', '2.05');
INSERT INTO veiculo (id, ano, marca, modelo, placa, renavan, tamanho) VALUES (35, 2020, 'Gonçalves SRL', 'perez.regina', 'gts-0728', '41910658790.00', '2.02');
INSERT INTO veiculo (id, ano, marca, modelo, placa, renavan, tamanho) VALUES (36, 2022, 'Vila, Urias e Fernandes', 'jleal', 'sbt-0208', '62946043660.00', '2.59');
INSERT INTO veiculo (id, ano, marca, modelo, placa, renavan, tamanho) VALUES (37, 2022, 'Rocha-Branco', 'fátima.aguiar', 'ouc-1677', '4446654804.00', '3.62');
INSERT INTO veiculo (id, ano, marca, modelo, placa, renavan, tamanho) VALUES (38, 2018, 'Escobar SA', 'pedro.faria', 'zyo-8351', '14137115578.00', '2.22');
INSERT INTO veiculo (id, ano, marca, modelo, placa, renavan, tamanho) VALUES (39, 2020, 'Cortês, Esteves e Valdez', 'madalena53', 'plp-4063', '13567984128.00', '2.27');
INSERT INTO veiculo (id, ano, marca, modelo, placa, renavan, tamanho) VALUES (40, 2015, 'Azevedo, Pereira e de Souza', 'fabiana17', 'sdk-5753', '55281620663.00', '3.81');
INSERT INTO veiculo (id, ano, marca, modelo, placa, renavan, tamanho) VALUES (41, 2023, 'Pacheco de Ortega', 'leandro.sanches', 'aah-6269', '44994378736.00', '3.87');
INSERT INTO veiculo (id, ano, marca, modelo, placa, renavan, tamanho) VALUES (42, 2020, 'Vega, Branco e Escobar', 'montenegro.valentina', 'ekj-1837', '7393732718.00', '2.95');
INSERT INTO veiculo (id, ano, marca, modelo, placa, renavan, tamanho) VALUES (43, 2019, 'Madeira, Bezerra e Fidalgo', 'da cruz.ariana', 'usf-7699', '91342453243.00', '2.89');
INSERT INTO veiculo (id, ano, marca, modelo, placa, renavan, tamanho) VALUES (44, 2019, 'Sales, Lutero e Campos', 'medina.carlos', 'sip-6966', '58836926196.00', '3.41');
INSERT INTO veiculo (id, ano, marca, modelo, placa, renavan, tamanho) VALUES (45, 2013, 'Godói-Pacheco', 'anderson41', 'rsf-1328', '87695905164.00', '2.5');
INSERT INTO veiculo (id, ano, marca, modelo, placa, renavan, tamanho) VALUES (46, 2018, 'Barreto e Filha', 'pereira.demian', 'bzl-3157', '71757352906.00', '2.63');
INSERT INTO veiculo (id, ano, marca, modelo, placa, renavan, tamanho) VALUES (47, 2024, 'Ramires, Campos e Gonçalves', 'gmaldonado', 'dld-2356', '81920389512.00', '3.11');
INSERT INTO veiculo (id, ano, marca, modelo, placa, renavan, tamanho) VALUES (48, 2021, 'Esteves-Matos', 'constância.serrano', 'ydj-9480', '82873279407.00', '3.49');
INSERT INTO veiculo (id, ano, marca, modelo, placa, renavan, tamanho) VALUES (49, 2022, 'Jimenes, Flores e Serrano', 'ferreira.camila', 'vdq-9287', '87529127347.00', '2.9');
INSERT INTO veiculo (id, ano, marca, modelo, placa, renavan, tamanho) VALUES (50, 2022, 'Gil-Brito', 'ziraldo.de aguiar', 'awt-9098', '10878007887.00', '3.06');
INSERT INTO veiculo (id, ano, marca, modelo, placa, renavan, tamanho) VALUES (51, 2024, 'Delvalle e Filhos', 'andrea.dávila', 'bvf-7382', '52185629943.00', '2.97');
INSERT INTO veiculo (id, ano, marca, modelo, placa, renavan, tamanho) VALUES (52, 2017, 'Dias e Bittencourt', 'bianca.aragão', 'efv-1529', '11860782994.00', '3.45');
INSERT INTO veiculo (id, ano, marca, modelo, placa, renavan, tamanho) VALUES (53, 2018, 'Marinho SA', 'micaela.meireles', 'nzk-4553', '9199236718.00', '3.36');
INSERT INTO veiculo (id, ano, marca, modelo, placa, renavan, tamanho) VALUES (54, 2018, 'Barros e Padilha', 'mateus.ávila', 'sob-8066', '21780355307.00', '3.31');
INSERT INTO veiculo (id, ano, marca, modelo, placa, renavan, tamanho) VALUES (55, 2016, 'Duarte e Burgos', 'pedrosa.constância', 'bxu-2197', '73089557408.00', '3.51');
INSERT INTO veiculo (id, ano, marca, modelo, placa, renavan, tamanho) VALUES (56, 2022, 'Santiago-Benites', 'jdas dores', 'ddi-4888', '2887476262.00', '3.12');
INSERT INTO veiculo (id, ano, marca, modelo, placa, renavan, tamanho) VALUES (57, 2020, 'Galindo S. de H.', 'yrodrigues', 'xzs-0341', '85780416270.00', '2.8');
INSERT INTO veiculo (id, ano, marca, modelo, placa, renavan, tamanho) VALUES (58, 2023, 'da Silva e Filho', 'rodrigues.ketlin', 'xnx-0907', '12468382775.00', '3.87');
INSERT INTO veiculo (id, ano, marca, modelo, placa, renavan, tamanho) VALUES (59, 2016, 'Delvalle e Filho', 'amanda35', 'vmf-3289', '88673031880.00', '2.81');
INSERT INTO veiculo (id, ano, marca, modelo, placa, renavan, tamanho) VALUES (60, 2017, 'Faro SA', 'das dores.julieta', 'djw-7808', '91043404385.00', '2.55');
INSERT INTO veiculo (id, ano, marca, modelo, placa, renavan, tamanho) VALUES (61, 2013, 'Franco e Santiago', 'anderson46', 'zaj-4232', '63688355979.00', '3.48');
INSERT INTO veiculo (id, ano, marca, modelo, placa, renavan, tamanho) VALUES (62, 2021, 'Sales e Valdez', 'mendonça.sebastião', 'yqw-2443', '15874589827.00', '3.8');
INSERT INTO veiculo (id, ano, marca, modelo, placa, renavan, tamanho) VALUES (63, 2021, 'Medina e da Rosa', 'fonseca.allison', 'jut-2147', '39696715356.00', '2.43');
INSERT INTO veiculo (id, ano, marca, modelo, placa, renavan, tamanho) VALUES (64, 2018, 'Cordeiro SA', 'correia.teobaldo', 'ijw-1934', '63622147813.00', '2.97');
INSERT INTO veiculo (id, ano, marca, modelo, placa, renavan, tamanho) VALUES (65, 2016, 'Guerra, Padilha e Fernandes', 'paula.lozano', 'qby-7037', '73351212980.00', '2.22');
INSERT INTO veiculo (id, ano, marca, modelo, placa, renavan, tamanho) VALUES (66, 2017, 'da Silva S. de H.', 'joaquin71', 'xni-8186', '52184063433.00', '2.26');
INSERT INTO veiculo (id, ano, marca, modelo, placa, renavan, tamanho) VALUES (67, 2014, 'Campos e Uchoa', 'francisco86', 'mbd-5268', '43677156018.00', '3.85');
INSERT INTO veiculo (id, ano, marca, modelo, placa, renavan, tamanho) VALUES (68, 2017, 'Furtado, Ferminiano e Quintana', 'delgado.carla', 'fks-8694', '76252216192.00', '3.51');
INSERT INTO veiculo (id, ano, marca, modelo, placa, renavan, tamanho) VALUES (69, 2020, 'Ortega e Camacho', 'quintana.valentin', 'jik-0296', '51711136819.00', '2.27');
INSERT INTO veiculo (id, ano, marca, modelo, placa, renavan, tamanho) VALUES (70, 2014, 'das Neves de Prado', 'sebastião48', 'cro-5459', '81203471960.00', '3.2');
INSERT INTO veiculo (id, ano, marca, modelo, placa, renavan, tamanho) VALUES (71, 2021, 'Rodrigues de Leal', 'miguel45', 'tbh-7092', '33464268929.00', '2.01');
INSERT INTO veiculo (id, ano, marca, modelo, placa, renavan, tamanho) VALUES (72, 2020, 'Mascarenhas S. de H.', 'luara06', 'nfk-4037', '75642613935.00', '2.5');
INSERT INTO veiculo (id, ano, marca, modelo, placa, renavan, tamanho) VALUES (73, 2019, 'Salas de Fernandes', 'delgado.leonardo', 'nrn-2048', '15333366152.00', '2.8');
INSERT INTO veiculo (id, ano, marca, modelo, placa, renavan, tamanho) VALUES (74, 2021, 'Marinho S. de H.', 'jácomo.pereira', 'kcj-1535', '58843526471.00', '2.42');
INSERT INTO veiculo (id, ano, marca, modelo, placa, renavan, tamanho) VALUES (75, 2017, 'Salgado SRL', 'lutero.laura', 'wed-1891', '91552761021.00', '3.37');
INSERT INTO veiculo (id, ano, marca, modelo, placa, renavan, tamanho) VALUES (76, 2016, 'Mendes, Rivera e Ferreira', 'valentin40', 'abh-8960', '25509519797.00', '2.45');
INSERT INTO veiculo (id, ano, marca, modelo, placa, renavan, tamanho) VALUES (77, 2016, 'Marques de Estrada', 'thiago.de aguiar', 'apb-8732', '6081261378.00', '3.71');
INSERT INTO veiculo (id, ano, marca, modelo, placa, renavan, tamanho) VALUES (78, 2020, 'Colaço-Verdara', 'luzia42', 'lpd-2957', '48698333.00', '2.25');
INSERT INTO veiculo (id, ano, marca, modelo, placa, renavan, tamanho) VALUES (79, 2022, 'Marés de Torres', 'abgail43', 'zms-2536', '74064046895.00', '3.8');
INSERT INTO veiculo (id, ano, marca, modelo, placa, renavan, tamanho) VALUES (80, 2014, 'Soto, Leon e Grego', 'valentina.valdez', 'jyy-4454', '3398781381.00', '2.31');
INSERT INTO veiculo (id, ano, marca, modelo, placa, renavan, tamanho) VALUES (81, 2018, 'Rodrigues-Matias', 'kgrego', 'kuw-5083', '34108717969.00', '2.27');
INSERT INTO veiculo (id, ano, marca, modelo, placa, renavan, tamanho) VALUES (82, 2020, 'Leon, Cruz e Campos', 'wvega', 'exc-9489', '33044635974.00', '3.07');
INSERT INTO veiculo (id, ano, marca, modelo, placa, renavan, tamanho) VALUES (83, 2021, 'Lutero, Vale e Neves', 'salomé.molina', 'aqx-8765', '40066344163.00', '2.5');
INSERT INTO veiculo (id, ano, marca, modelo, placa, renavan, tamanho) VALUES (84, 2022, 'Faro de Barreto', 'aaron03', 'lrn-3419', '59980265385.00', '3.05');
INSERT INTO veiculo (id, ano, marca, modelo, placa, renavan, tamanho) VALUES (85, 2022, 'Valdez de Colaço', 'ornela73', 'zye-2400', '94645785273.00', '3.92');
INSERT INTO veiculo (id, ano, marca, modelo, placa, renavan, tamanho) VALUES (86, 2013, 'Gusmão e Filha', 'meireles.natália', 'pfy-9511', '59942228531.00', '3.33');
INSERT INTO veiculo (id, ano, marca, modelo, placa, renavan, tamanho) VALUES (87, 2014, 'Salgado SA', 'tábata15', 'xna-3266', '38927904917.00', '3.15');
INSERT INTO veiculo (id, ano, marca, modelo, placa, renavan, tamanho) VALUES (88, 2014, 'Gonçalves de Rios', 'silvana70', 'dst-9584', '86119652159.00', '3.55');
INSERT INTO veiculo (id, ano, marca, modelo, placa, renavan, tamanho) VALUES (89, 2024, 'Soto e Fernandes', 'thales.de souza', 'jrn-0184', '97813983047.00', '2.78');
INSERT INTO veiculo (id, ano, marca, modelo, placa, renavan, tamanho) VALUES (90, 2020, 'Dominato e Garcia', 'gabriela.bonilha', 'bxz-0285', '66799237208.00', '2.27');
INSERT INTO veiculo (id, ano, marca, modelo, placa, renavan, tamanho) VALUES (91, 2020, 'da Silva-Salazar', 'egomes', 'qaa-7086', '10400541653.00', '2.17');
INSERT INTO veiculo (id, ano, marca, modelo, placa, renavan, tamanho) VALUES (92, 2021, 'Serrano e Delgado', 'abgail36', 'nwd-8413', '64098633938.00', '3.38');
INSERT INTO veiculo (id, ano, marca, modelo, placa, renavan, tamanho) VALUES (93, 2019, 'de Oliveira e Lutero', 'vlutero', 'ooz-2206', '82371596448.00', '3.1');
INSERT INTO veiculo (id, ano, marca, modelo, placa, renavan, tamanho) VALUES (94, 2018, 'das Dores de de Oliveira', 'simão69', 'nzx-6014', '64143924368.00', '2.63');
INSERT INTO veiculo (id, ano, marca, modelo, placa, renavan, tamanho) VALUES (95, 2013, 'Marinho e Lovato', 'mário00', 'ceg-7196', '68869687449.00', '3.08');
INSERT INTO veiculo (id, ano, marca, modelo, placa, renavan, tamanho) VALUES (96, 2020, 'Salas, Flores e Cortês', 'luara43', 'rpp-2032', '90779367493.00', '2.87');
INSERT INTO veiculo (id, ano, marca, modelo, placa, renavan, tamanho) VALUES (97, 2017, 'Dias, Meireles e Saraiva', 'sofia55', 'dip-4031', '60249251573.00', '3.5');
INSERT INTO veiculo (id, ano, marca, modelo, placa, renavan, tamanho) VALUES (98, 2019, 'Caldeira de Correia', 'delatorre.diego', 'vqm-0505', '13612852060.00', '2.26');
INSERT INTO veiculo (id, ano, marca, modelo, placa, renavan, tamanho) VALUES (99, 2021, 'Casanova e Cordeiro', 'gabriela.gomes', 'fnb-4738', '88158613933.00', '3.82');
INSERT INTO veiculo (id, ano, marca, modelo, placa, renavan, tamanho) VALUES (100, 2014, 'Marinho, Godói e Branco', 'da rosa.jácomo', 'chr-3590', '59735469840.00', '2.12');

INSERT INTO setor (id, nome) VALUES (1, 'GoldenRod');
INSERT INTO setor (id, nome) VALUES (2, 'MidnightBlue');
INSERT INTO setor (id, nome) VALUES (3, 'MediumSlateBlue');
INSERT INTO setor (id, nome) VALUES (4, 'Red');
INSERT INTO setor (id, nome) VALUES (5, 'OrangeRed');
INSERT INTO setor (id, nome) VALUES (6, 'CornflowerBlue');
INSERT INTO setor (id, nome) VALUES (7, 'Sienna');
INSERT INTO setor (id, nome) VALUES (8, 'Moccasin');
INSERT INTO setor (id, nome) VALUES (9, 'DarkGreen');
INSERT INTO setor (id, nome) VALUES (10, 'Orchid');
INSERT INTO setor (id, nome) VALUES (11, 'CornflowerBlue');
INSERT INTO setor (id, nome) VALUES (12, 'Yellow');
INSERT INTO setor (id, nome) VALUES (13, 'Peru');
INSERT INTO setor (id, nome) VALUES (14, 'OrangeRed');
INSERT INTO setor (id, nome) VALUES (15, 'MediumSlateBlue');
INSERT INTO setor (id, nome) VALUES (16, 'Blue');
INSERT INTO setor (id, nome) VALUES (17, 'RoyalBlue');
INSERT INTO setor (id, nome) VALUES (18, 'DarkOliveGreen');
INSERT INTO setor (id, nome) VALUES (19, 'MediumBlue');
INSERT INTO setor (id, nome) VALUES (20, 'DeepPink');
INSERT INTO setor (id, nome) VALUES (21, 'DarkViolet');
INSERT INTO setor (id, nome) VALUES (22, 'PeachPuff');
INSERT INTO setor (id, nome) VALUES (23, 'DarkOrchid');
INSERT INTO setor (id, nome) VALUES (24, 'Navy');
INSERT INTO setor (id, nome) VALUES (25, 'Brown');
INSERT INTO setor (id, nome) VALUES (26, 'IndianRed ');
INSERT INTO setor (id, nome) VALUES (27, 'BurlyWood');
INSERT INTO setor (id, nome) VALUES (28, 'SteelBlue');
INSERT INTO setor (id, nome) VALUES (29, 'CornflowerBlue');
INSERT INTO setor (id, nome) VALUES (30, 'PeachPuff');
INSERT INTO setor (id, nome) VALUES (31, 'IndianRed ');
INSERT INTO setor (id, nome) VALUES (32, 'DarkTurquoise');
INSERT INTO setor (id, nome) VALUES (33, 'Bisque');
INSERT INTO setor (id, nome) VALUES (34, 'PaleVioletRed');
INSERT INTO setor (id, nome) VALUES (35, 'LightCyan');
INSERT INTO setor (id, nome) VALUES (36, 'Moccasin');
INSERT INTO setor (id, nome) VALUES (37, 'Lavender');
INSERT INTO setor (id, nome) VALUES (38, 'MediumAquaMarine');
INSERT INTO setor (id, nome) VALUES (39, 'Lavender');
INSERT INTO setor (id, nome) VALUES (40, 'LightCoral');
INSERT INTO setor (id, nome) VALUES (41, 'PaleVioletRed');
INSERT INTO setor (id, nome) VALUES (42, 'DarkBlue');
INSERT INTO setor (id, nome) VALUES (43, 'Gold');
INSERT INTO setor (id, nome) VALUES (44, 'DarkSlateGray');
INSERT INTO setor (id, nome) VALUES (45, 'Chocolate');
INSERT INTO setor (id, nome) VALUES (46, 'ForestGreen');
INSERT INTO setor (id, nome) VALUES (47, 'Ivory');
INSERT INTO setor (id, nome) VALUES (48, 'CadetBlue');
INSERT INTO setor (id, nome) VALUES (49, 'SandyBrown');
INSERT INTO setor (id, nome) VALUES (50, 'Cyan');
INSERT INTO setor (id, nome) VALUES (51, 'PaleGoldenRod');
INSERT INTO setor (id, nome) VALUES (52, 'Indigo ');
INSERT INTO setor (id, nome) VALUES (53, 'Peru');
INSERT INTO setor (id, nome) VALUES (54, 'MediumSeaGreen');
INSERT INTO setor (id, nome) VALUES (55, 'PaleVioletRed');
INSERT INTO setor (id, nome) VALUES (56, 'MediumSeaGreen');
INSERT INTO setor (id, nome) VALUES (57, 'LavenderBlush');
INSERT INTO setor (id, nome) VALUES (58, 'Purple');
INSERT INTO setor (id, nome) VALUES (59, 'Chocolate');
INSERT INTO setor (id, nome) VALUES (60, 'LightSlateGray');
INSERT INTO setor (id, nome) VALUES (61, 'DarkViolet');
INSERT INTO setor (id, nome) VALUES (62, 'Chartreuse');
INSERT INTO setor (id, nome) VALUES (63, 'BlueViolet');
INSERT INTO setor (id, nome) VALUES (64, 'DarkMagenta');
INSERT INTO setor (id, nome) VALUES (65, 'Gainsboro');
INSERT INTO setor (id, nome) VALUES (66, 'Tan');
INSERT INTO setor (id, nome) VALUES (67, 'LawnGreen');
INSERT INTO setor (id, nome) VALUES (68, 'MediumSlateBlue');
INSERT INTO setor (id, nome) VALUES (69, 'Cyan');
INSERT INTO setor (id, nome) VALUES (70, 'Azure');
INSERT INTO setor (id, nome) VALUES (71, 'Gray');
INSERT INTO setor (id, nome) VALUES (72, 'IndianRed ');
INSERT INTO setor (id, nome) VALUES (73, 'DarkOliveGreen');
INSERT INTO setor (id, nome) VALUES (74, 'WhiteSmoke');
INSERT INTO setor (id, nome) VALUES (75, 'LightSteelBlue');
INSERT INTO setor (id, nome) VALUES (76, 'Brown');
INSERT INTO setor (id, nome) VALUES (77, 'HoneyDew');
INSERT INTO setor (id, nome) VALUES (78, 'MediumSpringGreen');
INSERT INTO setor (id, nome) VALUES (79, 'White');
INSERT INTO setor (id, nome) VALUES (80, 'CadetBlue');
INSERT INTO setor (id, nome) VALUES (81, 'Cyan');
INSERT INTO setor (id, nome) VALUES (82, 'Wheat');
INSERT INTO setor (id, nome) VALUES (83, 'PaleGoldenRod');
INSERT INTO setor (id, nome) VALUES (84, 'MediumOrchid');
INSERT INTO setor (id, nome) VALUES (85, 'LightGoldenRodYellow');
INSERT INTO setor (id, nome) VALUES (86, 'NavajoWhite');
INSERT INTO setor (id, nome) VALUES (87, 'LightSteelBlue');
INSERT INTO setor (id, nome) VALUES (88, 'FloralWhite');
INSERT INTO setor (id, nome) VALUES (89, 'DarkBlue');
INSERT INTO setor (id, nome) VALUES (90, 'IndianRed ');
INSERT INTO setor (id, nome) VALUES (91, 'RoyalBlue');
INSERT INTO setor (id, nome) VALUES (92, 'DimGray');
INSERT INTO setor (id, nome) VALUES (93, 'Snow');
INSERT INTO setor (id, nome) VALUES (94, 'DarkOrchid');
INSERT INTO setor (id, nome) VALUES (95, 'LemonChiffon');
INSERT INTO setor (id, nome) VALUES (96, 'White');
INSERT INTO setor (id, nome) VALUES (97, 'LightGoldenRodYellow');
INSERT INTO setor (id, nome) VALUES (98, 'LightGoldenRodYellow');
INSERT INTO setor (id, nome) VALUES (99, 'DarkGray');
INSERT INTO setor (id, nome) VALUES (100, 'SkyBlue');

INSERT INTO sede (id, cep, cidade, nome, numero, observacao, rua, uf) VALUES (1, '33977-352', 'Vila Isaac dOeste', 'Balanced multi-tasking opensystem', 1538, 'embrace viral e-tailers', 'Av. Emiliano Domingues', 'PE');
INSERT INTO sede (id, cep, cidade, nome, numero, observacao, rua, uf) VALUES (2, '34459-037', 'São Micaela', 'Centralized real-time openarchitecture', 1256, 'visualize one-to-one relationships', 'R. Gomes', 'PB');
INSERT INTO sede (id, cep, cidade, nome, numero, observacao, rua, uf) VALUES (3, '01028-999', 'Tamoio do Leste', 'Robust even-keeled access', 1210, 'engage B2B systems', 'Travessa Abgail', 'RS');
INSERT INTO sede (id, cep, cidade, nome, numero, observacao, rua, uf) VALUES (4, '79053-656', 'Porto David dOeste', 'Organized well-modulated application', 1411, 'engineer cross-platform e-services', 'Travessa Gustavo Paes', 'SP');
INSERT INTO sede (id, cep, cidade, nome, numero, observacao, rua, uf) VALUES (5, '65234-410', 'Zamana do Sul', 'Configurable national concept', 1992, 'optimize wireless schemas', 'Rua Gustavo', 'MT');
INSERT INTO sede (id, cep, cidade, nome, numero, observacao, rua, uf) VALUES (6, '64129-061', 'Abreu dOeste', 'Future-proofed dedicated monitoring', 46, 'aggregate open-source markets', 'Av. Salgado', 'RN');
INSERT INTO sede (id, cep, cidade, nome, numero, observacao, rua, uf) VALUES (7, '66660-400', 'Carolina do Leste', 'Versatile bandwidth-monitored challenge', 163, 'reintermediate back-end paradigms', 'R. Henrique Padrão', 'PI');
INSERT INTO sede (id, cep, cidade, nome, numero, observacao, rua, uf) VALUES (8, '33006-688', 'Santa Daniel', 'Secured bottom-line GraphicInterface', 1949, 'incentivize virtual schemas', 'Largo Manuel Reis', 'MG');
INSERT INTO sede (id, cep, cidade, nome, numero, observacao, rua, uf) VALUES (9, '38373-606', 'Vila Gian do Sul', 'Ameliorated user-facing toolset', 1381, 'streamline ubiquitous ROI', 'Travessa Paulina Cruz', 'AP');
INSERT INTO sede (id, cep, cidade, nome, numero, observacao, rua, uf) VALUES (10, '04305-362', 'São Pablo dOeste', 'Versatile encompassing initiative', 22, 'transform B2B e-markets', 'Travessa Leon', 'AP');
INSERT INTO sede (id, cep, cidade, nome, numero, observacao, rua, uf) VALUES (11, '65609-987', 'São Sérgio dOeste', 'Future-proofed scalable monitoring', 359, 'deploy killer markets', 'Rua David', 'AM');
INSERT INTO sede (id, cep, cidade, nome, numero, observacao, rua, uf) VALUES (12, '39257-240', 'Zamana dOeste', 'Visionary fault-tolerant service-desk', 530, 'deploy e-business relationships', 'R. Clara', 'SP');
INSERT INTO sede (id, cep, cidade, nome, numero, observacao, rua, uf) VALUES (13, '84450-897', 'Vila Miranda', 'Self-enabling motivating website', 1506, 'matrix user-centric technologies', 'R. Teles', 'AL');
INSERT INTO sede (id, cep, cidade, nome, numero, observacao, rua, uf) VALUES (14, '32723-164', 'da Silva do Sul', 'Enterprise-wide interactive leverage', 1470, 'syndicate cutting-edge content', 'Avenida Evandro', 'PA');
INSERT INTO sede (id, cep, cidade, nome, numero, observacao, rua, uf) VALUES (15, '52405-706', 'Violeta do Norte', 'Future-proofed neutral openarchitecture', 1187, 'architect B2C applications', 'Avenida Máximo', 'BA');
INSERT INTO sede (id, cep, cidade, nome, numero, observacao, rua, uf) VALUES (16, '92158-213', 'São Micaela', 'Progressive methodical knowledgeuser', 1484, 'matrix clicks-and-mortar paradigms', 'Rua Marques', 'MT');
INSERT INTO sede (id, cep, cidade, nome, numero, observacao, rua, uf) VALUES (17, '73332-265', 'Vila Vitória', 'Stand-alone real-time securedline', 1300, 'transition viral initiatives', 'Travessa Julieta Salazar', 'PB');
INSERT INTO sede (id, cep, cidade, nome, numero, observacao, rua, uf) VALUES (18, '42951-051', 'São Antônio', 'Cross-group homogeneous openarchitecture', 93, 'disintermediate B2C applications', 'Largo Inácio Vasques', 'ES');
INSERT INTO sede (id, cep, cidade, nome, numero, observacao, rua, uf) VALUES (19, '09582-894', 'Maitê do Leste', 'Facetoface 4thgeneration monitoring', 731, 'grow global users', 'R. Ariadna', 'RS');
INSERT INTO sede (id, cep, cidade, nome, numero, observacao, rua, uf) VALUES (20, '37318-631', 'Cristóvão do Leste', 'Balanced human-resource projection', 1787, 'incentivize integrated e-commerce', 'Travessa Nádia', 'AL');
INSERT INTO sede (id, cep, cidade, nome, numero, observacao, rua, uf) VALUES (21, '33646-911', 'Lutero do Leste', 'Synergized background contingency', 222, 'reinvent extensible e-commerce', 'Rua Sabrina Salas', 'PB');
INSERT INTO sede (id, cep, cidade, nome, numero, observacao, rua, uf) VALUES (22, '71595-774', 'Beatriz do Norte', 'Ameliorated user-facing openarchitecture', 222, 'synthesize magnetic supply-chains', 'R. Natal', 'MG');
INSERT INTO sede (id, cep, cidade, nome, numero, observacao, rua, uf) VALUES (23, '76579-731', 'Vila Madalena', 'Multi-tiered 3rdgeneration flexibility', 1299, 'revolutionize ubiquitous solutions', 'Avenida Ávila', 'RJ');
INSERT INTO sede (id, cep, cidade, nome, numero, observacao, rua, uf) VALUES (24, '70220-541', 'Santa Andres', 'Upgradable static framework', 647, 'facilitate holistic bandwidth', 'Travessa Suzana Barreto', 'RJ');
INSERT INTO sede (id, cep, cidade, nome, numero, observacao, rua, uf) VALUES (25, '95287-198', 'Paz dOeste', 'Robust high-level attitude', 1741, 'harness holistic models', 'Avenida Luzia Soto', 'MG');
INSERT INTO sede (id, cep, cidade, nome, numero, observacao, rua, uf) VALUES (26, '71879-173', 'Franco do Sul', 'Configurable bifurcated product', 831, 'aggregate customized portals', 'Travessa Vega', 'AC');
INSERT INTO sede (id, cep, cidade, nome, numero, observacao, rua, uf) VALUES (27, '20084-600', 'Vila Giovane', 'Fundamental fault-tolerant systemengine', 535, 'benchmark back-end e-business', 'Travessa Tessália', 'PI');
INSERT INTO sede (id, cep, cidade, nome, numero, observacao, rua, uf) VALUES (28, '55649-563', 'Santa Constância do Sul', 'Grass-roots optimal forecast', 1807, 'productize killer content', 'Av. Jimenes', 'AC');
INSERT INTO sede (id, cep, cidade, nome, numero, observacao, rua, uf) VALUES (29, '54651-271', 'da Silva dOeste', 'Intuitive uniform architecture', 244, 'incubate sexy technologies', 'Rua Leonardo Rangel', 'RN');
INSERT INTO sede (id, cep, cidade, nome, numero, observacao, rua, uf) VALUES (30, '48772-112', 'Agostinho dOeste', 'Cross-group transitional frame', 1383, 'incubate leading-edge architectures', 'Avenida Michele Vega', 'PA');
INSERT INTO sede (id, cep, cidade, nome, numero, observacao, rua, uf) VALUES (31, '14637-034', 'Noel dOeste', 'Pre-emptive didactic service-desk', 695, 'synthesize distributed markets', 'Largo Toledo', 'MS');
INSERT INTO sede (id, cep, cidade, nome, numero, observacao, rua, uf) VALUES (32, '20010-101', 'Violeta do Sul', 'Future-proofed logistical securedline', 81, 'transform e-business users', 'Avenida Alessandra Quintana', 'AC');
INSERT INTO sede (id, cep, cidade, nome, numero, observacao, rua, uf) VALUES (33, '71348-951', 'Vila Norma', 'Persistent homogeneous conglomeration', 728, 'utilize magnetic infomediaries', 'R. Hernani Cordeiro', 'RN');
INSERT INTO sede (id, cep, cidade, nome, numero, observacao, rua, uf) VALUES (34, '94614-611', 'Luis dOeste', 'Progressive fresh-thinking interface', 1666, 'deliver world-class webservices', 'Rua Pedrosa', 'GO');
INSERT INTO sede (id, cep, cidade, nome, numero, observacao, rua, uf) VALUES (35, '54983-492', 'Rafaela do Norte', 'Total 24hour support', 677, 'synergize front-end e-services', 'Rua Marques', 'SC');
INSERT INTO sede (id, cep, cidade, nome, numero, observacao, rua, uf) VALUES (36, '05607-803', 'Lucas do Norte', 'Multi-tiered user-facing algorithm', 819, 'scale value-added eyeballs', 'Avenida Rodrigues', 'RJ');
INSERT INTO sede (id, cep, cidade, nome, numero, observacao, rua, uf) VALUES (37, '19177-305', 'Santa Alan', 'Pre-emptive value-added instructionset', 1536, 'streamline innovative action-items', 'Travessa Anderson Ortiz', 'AC');
INSERT INTO sede (id, cep, cidade, nome, numero, observacao, rua, uf) VALUES (38, '05269-703', 'Leal do Sul', 'Focused leadingedge algorithm', 758, 'generate dot-com systems', 'Travessa Noelí Queirós', 'ES');
INSERT INTO sede (id, cep, cidade, nome, numero, observacao, rua, uf) VALUES (39, '84759-419', 'São Evandro dOeste', 'Facetoface 24/7 database', 1732, 'synthesize dot-com e-markets', 'Rua Carlos Corona', 'RO');
INSERT INTO sede (id, cep, cidade, nome, numero, observacao, rua, uf) VALUES (40, '78865-537', 'São Joaquin do Sul', 'Object-based mobile collaboration', 463, 'architect global e-services', 'Rua Benites', 'AC');
INSERT INTO sede (id, cep, cidade, nome, numero, observacao, rua, uf) VALUES (41, '25025-764', 'Santa Francisco', 'Distributed reciprocal circuit', 1867, 'engage wireless e-tailers', 'Largo Isaac de Oliveira', 'RJ');
INSERT INTO sede (id, cep, cidade, nome, numero, observacao, rua, uf) VALUES (42, '96807-698', 'Tessália dOeste', 'Integrated real-time securedline', 1547, 'extend customized methodologies', 'Avenida Quintana', 'AC');
INSERT INTO sede (id, cep, cidade, nome, numero, observacao, rua, uf) VALUES (43, '19562-007', 'Porto Matias', 'Adaptive disintermediate policy', 601, 'target bleeding-edge niches', 'Rua Sebastião Delatorre', 'GO');
INSERT INTO sede (id, cep, cidade, nome, numero, observacao, rua, uf) VALUES (44, '98111-723', 'São Luna', 'Assimilated 6thgeneration structure', 997, 'reintermediate front-end communities', 'Travessa Sofia', 'CE');
INSERT INTO sede (id, cep, cidade, nome, numero, observacao, rua, uf) VALUES (45, '51156-750', 'Matos do Sul', 'Multi-layered object-oriented contingency', 236, 'reinvent impactful metrics', 'Rua Balestero', 'CE');
INSERT INTO sede (id, cep, cidade, nome, numero, observacao, rua, uf) VALUES (46, '09574-616', 'Luis do Norte', 'Mandatory dedicated archive', 200, 'e-enable ubiquitous deliverables', 'R. Luis', 'TO');
INSERT INTO sede (id, cep, cidade, nome, numero, observacao, rua, uf) VALUES (47, '00582-238', 'Isabel dOeste', 'Expanded content-based algorithm', 606, 'recontextualize cross-platform bandwidth', 'Rua Guerra', 'RS');
INSERT INTO sede (id, cep, cidade, nome, numero, observacao, rua, uf) VALUES (48, '77322-707', 'Aragão do Norte', 'Object-based motivating parallelism', 1174, 'evolve web-enabled platforms', 'Travessa Bezerra', 'CE');
INSERT INTO sede (id, cep, cidade, nome, numero, observacao, rua, uf) VALUES (49, '70097-323', 'Tessália dOeste', 'De-engineered object-oriented openarchitecture', 518, 'recontextualize clicks-and-mortar methodologies', 'Largo Corona', 'DF');
INSERT INTO sede (id, cep, cidade, nome, numero, observacao, rua, uf) VALUES (50, '80552-232', 'Santa Jácomo', 'Multi-layered clear-thinking service-desk', 474, 'unleash transparent content', 'R. David Molina', 'RJ');
INSERT INTO sede (id, cep, cidade, nome, numero, observacao, rua, uf) VALUES (51, '26352-867', 'Santa Taís', 'Proactive zeroadministration benchmark', 1611, 'enhance compelling systems', 'Travessa Abril Aguiar', 'SP');
INSERT INTO sede (id, cep, cidade, nome, numero, observacao, rua, uf) VALUES (52, '45746-558', 'Azevedo dOeste', 'Compatible bandwidth-monitored matrices', 1652, 'aggregate frictionless channels', 'Avenida Leandro Marin', 'AC');
INSERT INTO sede (id, cep, cidade, nome, numero, observacao, rua, uf) VALUES (53, '73112-360', 'Caldeira do Leste', 'Managed static ability', 1254, 'leverage dot-com methodologies', 'Rua Alan Burgos', 'ES');
INSERT INTO sede (id, cep, cidade, nome, numero, observacao, rua, uf) VALUES (54, '89610-329', 'das Neves do Leste', 'Self-enabling assymetric GraphicalUserInterface', 7, 'cultivate robust e-services', 'Travessa Chaves', 'RR');
INSERT INTO sede (id, cep, cidade, nome, numero, observacao, rua, uf) VALUES (55, '44963-622', 'São Luciana', 'Configurable dedicated hardware', 1791, 'recontextualize global convergence', 'R. Carla Sanches', 'RN');
INSERT INTO sede (id, cep, cidade, nome, numero, observacao, rua, uf) VALUES (56, '18385-187', 'Santa Horácio do Norte', 'Versatile modular function', 1033, 'embrace revolutionary schemas', 'Largo Fidalgo', 'GO');
INSERT INTO sede (id, cep, cidade, nome, numero, observacao, rua, uf) VALUES (57, '05532-487', 'Porto Clara do Sul', 'Object-based executive task-force', 1002, 'cultivate global architectures', 'Largo Ornela Rangel', 'SP');
INSERT INTO sede (id, cep, cidade, nome, numero, observacao, rua, uf) VALUES (58, '82872-779', 'Thalissa do Leste', 'Intuitive full-range function', 1883, 'implement strategic infomediaries', 'Travessa Alexa Ferraz', 'TO');
INSERT INTO sede (id, cep, cidade, nome, numero, observacao, rua, uf) VALUES (59, '93875-670', 'Porto Luciana', 'Synergized asynchronous systemengine', 1183, 'disintermediate customized systems', 'Travessa Manuela', 'SP');
INSERT INTO sede (id, cep, cidade, nome, numero, observacao, rua, uf) VALUES (60, '25240-777', 'Santa Estêvão', 'Fully-configurable web-enabled task-force', 1035, 'reintermediate world-class metrics', 'Largo Torres', 'RR');
INSERT INTO sede (id, cep, cidade, nome, numero, observacao, rua, uf) VALUES (61, '68426-013', 'São Jorge', 'Object-based foreground time-frame', 622, 'engage B2B synergies', 'Av. Tábata', 'RO');
INSERT INTO sede (id, cep, cidade, nome, numero, observacao, rua, uf) VALUES (62, '43876-836', 'Vicente dOeste', 'Synergistic coherent functionalities', 3, 'engineer interactive supply-chains', 'Av. Valéria Estrada', 'CE');
INSERT INTO sede (id, cep, cidade, nome, numero, observacao, rua, uf) VALUES (63, '82112-412', 'Fernandes dOeste', 'Grass-roots modular concept', 1989, 'target B2C convergence', 'Avenida Agostinho', 'MG');
INSERT INTO sede (id, cep, cidade, nome, numero, observacao, rua, uf) VALUES (64, '20025-891', 'Caldeira do Sul', 'Cross-platform composite alliance', 1767, 'aggregate B2C niches', 'Rua Luana', 'SP');
INSERT INTO sede (id, cep, cidade, nome, numero, observacao, rua, uf) VALUES (65, '81546-497', 'Vila Jerônimo', 'Diverse dedicated knowledgebase', 457, 'strategize global e-business', 'Largo Miranda', 'AP');
INSERT INTO sede (id, cep, cidade, nome, numero, observacao, rua, uf) VALUES (66, '87871-648', 'Santa Giovana', 'Compatible even-keeled complexity', 525, 'incubate transparent channels', 'Av. Ávila', 'AP');
INSERT INTO sede (id, cep, cidade, nome, numero, observacao, rua, uf) VALUES (67, '24654-272', 'Santa Fátima', 'User-friendly encompassing interface', 1063, 'generate visionary action-items', 'Av. Fernando Salgado', 'GO');
INSERT INTO sede (id, cep, cidade, nome, numero, observacao, rua, uf) VALUES (68, '21802-552', 'Paz do Leste', 'Organized logistical capacity', 1527, 'implement proactive webservices', 'Travessa Antônio', 'RO');
INSERT INTO sede (id, cep, cidade, nome, numero, observacao, rua, uf) VALUES (69, '69287-196', 'Hortência do Sul', 'Proactive context-sensitive artificialintelligence', 1195, 'transition virtual supply-chains', 'Travessa João Rivera', 'AC');
INSERT INTO sede (id, cep, cidade, nome, numero, observacao, rua, uf) VALUES (70, '84114-366', 'Santa Rafaela do Norte', 'Distributed attitude-oriented parallelism', 994, 'mesh out-of-the-box ROI', 'Largo Miguel da Silva', 'TO');
INSERT INTO sede (id, cep, cidade, nome, numero, observacao, rua, uf) VALUES (71, '86686-125', 'Porto João dOeste', 'Enterprise-wide user-facing data-warehouse', 34, 'revolutionize plug-and-play paradigms', 'Travessa Bianca', 'PI');
INSERT INTO sede (id, cep, cidade, nome, numero, observacao, rua, uf) VALUES (72, '64712-969', 'Vila Carla', 'Facetoface national encryption', 1347, 'incubate synergistic relationships', 'Av. Nicole', 'RO');
INSERT INTO sede (id, cep, cidade, nome, numero, observacao, rua, uf) VALUES (73, '49573-854', 'Grego dOeste', 'Quality-focused logistical solution', 1578, 'orchestrate bleeding-edge models', 'R. Ariana Lira', 'MS');
INSERT INTO sede (id, cep, cidade, nome, numero, observacao, rua, uf) VALUES (74, '33249-694', 'Porto Santiago dOeste', 'User-friendly 6thgeneration definition', 75, 'orchestrate transparent schemas', 'Avenida Nádia Brito', 'PB');
INSERT INTO sede (id, cep, cidade, nome, numero, observacao, rua, uf) VALUES (75, '45058-402', 'Vila Valentin do Leste', 'Synchronised 24hour concept', 300, 'utilize value-added e-tailers', 'Largo Emiliano', 'PI');
INSERT INTO sede (id, cep, cidade, nome, numero, observacao, rua, uf) VALUES (76, '17461-285', 'Maia do Sul', 'Robust eco-centric intranet', 384, 'integrate real-time web-readiness', 'Largo Joaquin', 'AC');
INSERT INTO sede (id, cep, cidade, nome, numero, observacao, rua, uf) VALUES (77, '76084-586', 'Santa Norma', 'Distributed responsive algorithm', 2, 'monetize granular functionalities', 'Rua João', 'AC');
INSERT INTO sede (id, cep, cidade, nome, numero, observacao, rua, uf) VALUES (78, '46296-598', 'São Miranda do Leste', 'Reduced empowering time-frame', 81, 'grow magnetic markets', 'R. Amanda Pontes', 'BA');
INSERT INTO sede (id, cep, cidade, nome, numero, observacao, rua, uf) VALUES (79, '00162-509', 'Santa Josué do Norte', 'Configurable attitude-oriented middleware', 673, 'innovate B2B e-tailers', 'Avenida Alonso', 'PI');
INSERT INTO sede (id, cep, cidade, nome, numero, observacao, rua, uf) VALUES (80, '07541-989', 'Santa Isabel', 'Decentralized static moderator', 1238, 'scale back-end communities', 'Avenida Teobaldo Medina', 'PR');
INSERT INTO sede (id, cep, cidade, nome, numero, observacao, rua, uf) VALUES (81, '65364-776', 'Porto Isabella', 'Universal tangible ability', 790, 'maximize sticky applications', 'Av. Solano', 'SE');
INSERT INTO sede (id, cep, cidade, nome, numero, observacao, rua, uf) VALUES (82, '95302-700', 'Correia do Norte', 'Secured non-volatile ability', 225, 'synthesize vertical mindshare', 'Largo Faro', 'RJ');
INSERT INTO sede (id, cep, cidade, nome, numero, observacao, rua, uf) VALUES (83, '39826-084', 'Paes do Leste', 'Configurable 24/7 processimprovement', 331, 'optimize integrated portals', 'Avenida Delatorre', 'GO');
INSERT INTO sede (id, cep, cidade, nome, numero, observacao, rua, uf) VALUES (84, '70349-669', 'Santa Kevin do Sul', 'Exclusive 24hour approach', 839, 'repurpose revolutionary synergies', 'Av. Isadora Cruz', 'RO');
INSERT INTO sede (id, cep, cidade, nome, numero, observacao, rua, uf) VALUES (85, '89377-749', 'Tábata dOeste', 'Reduced transitional openarchitecture', 1430, 'architect seamless supply-chains', 'R. Jerônimo Gil', 'PR');
INSERT INTO sede (id, cep, cidade, nome, numero, observacao, rua, uf) VALUES (86, '68055-998', 'Pedro do Norte', 'Quality-focused methodical standardization', 1567, 'transform real-time platforms', 'Avenida Francisco Faria', 'BA');
INSERT INTO sede (id, cep, cidade, nome, numero, observacao, rua, uf) VALUES (87, '56922-980', 'Porto Amanda', 'Advanced dynamic contingency', 288, 'enhance efficient e-commerce', 'Avenida Renata', 'MT');
INSERT INTO sede (id, cep, cidade, nome, numero, observacao, rua, uf) VALUES (88, '09970-827', 'Vila Michele', 'Vision-oriented multi-tasking contingency', 870, 'envisioneer web-enabled infrastructures', 'Av. Chaves', 'RJ');
INSERT INTO sede (id, cep, cidade, nome, numero, observacao, rua, uf) VALUES (89, '43441-384', 'Vila Malena', 'Profound object-oriented structure', 495, 'drive granular networks', 'Avenida Guilherme Montenegro', 'CE');
INSERT INTO sede (id, cep, cidade, nome, numero, observacao, rua, uf) VALUES (90, '58233-385', 'Amélia do Sul', 'Realigned hybrid processimprovement', 1856, 'grow out-of-the-box relationships', 'Av. Irene', 'TO');
INSERT INTO sede (id, cep, cidade, nome, numero, observacao, rua, uf) VALUES (91, '94072-042', 'Vila Gian dOeste', 'Customizable actuating installation', 1545, 'recontextualize open-source interfaces', 'Avenida Tessália Fidalgo', 'DF');
INSERT INTO sede (id, cep, cidade, nome, numero, observacao, rua, uf) VALUES (92, '16129-258', 'Dominato do Leste', 'Profound explicit superstructure', 1618, 'utilize leading-edge paradigms', 'Avenida Quintana', 'RS');
INSERT INTO sede (id, cep, cidade, nome, numero, observacao, rua, uf) VALUES (93, '14755-271', 'Porto Beatriz', 'Open-architected static conglomeration', 1379, 'reinvent holistic markets', 'Av. Flores', 'RN');
INSERT INTO sede (id, cep, cidade, nome, numero, observacao, rua, uf) VALUES (94, '28377-221', 'Martinho do Sul', 'Team-oriented cohesive hardware', 1879, 'utilize sexy infomediaries', 'Avenida Benjamin Colaço', 'PB');
INSERT INTO sede (id, cep, cidade, nome, numero, observacao, rua, uf) VALUES (95, '65302-171', 'Alexandre do Norte', 'Re-contextualized fault-tolerant installation', 683, 'matrix turn-key platforms', 'Largo Vasques', 'PB');
INSERT INTO sede (id, cep, cidade, nome, numero, observacao, rua, uf) VALUES (96, '08654-946', 'Vila Juliana', 'Networked transitional workforce', 423, 'engineer synergistic e-services', 'Av. Henrique', 'PI');
INSERT INTO sede (id, cep, cidade, nome, numero, observacao, rua, uf) VALUES (97, '75924-486', 'Matos do Leste', 'Organized incremental superstructure', 146, 'aggregate holistic e-services', 'Largo Andrea', 'SC');
INSERT INTO sede (id, cep, cidade, nome, numero, observacao, rua, uf) VALUES (98, '10362-081', 'Vila Sofia', 'Intuitive encompassing instructionset', 58, 'enable customized deliverables', 'R. Isabel', 'PR');
INSERT INTO sede (id, cep, cidade, nome, numero, observacao, rua, uf) VALUES (99, '53489-768', 'Chaves do Norte', 'Digitized systemic access', 1349, 'cultivate scalable applications', 'Travessa Felipe', 'PE');
INSERT INTO sede (id, cep, cidade, nome, numero, observacao, rua, uf) VALUES (100, '53740-462', 'Henrique do Leste', 'Proactive local superstructure', 853, 'engage B2B communities', 'Rua Jorge', 'AP');

INSERT INTO motorista (id, carteira, email, nome) VALUES (1, '026085127', 'nduarte@example.net', 'Ian');
INSERT INTO motorista (id, carteira, email, nome) VALUES (2, '647820297', 'camila.brito@example.net', 'Daniel');
INSERT INTO motorista (id, carteira, email, nome) VALUES (3, '358589955', 'emílio59@example.com', 'Manuela');
INSERT INTO motorista (id, carteira, email, nome) VALUES (4, '858538185', 'pablo25@example.org', 'Ian');
INSERT INTO motorista (id, carteira, email, nome) VALUES (5, '601853690', 'reis.rafaela@example.org', 'Amanda');
INSERT INTO motorista (id, carteira, email, nome) VALUES (6, '376375004', 'ornela44@example.net', 'Gabriela');
INSERT INTO motorista (id, carteira, email, nome) VALUES (7, '453749084', 'bittencourt.david@example.org', 'Benjamin');
INSERT INTO motorista (id, carteira, email, nome) VALUES (8, '120550637', 'tamoio.thiago@example.com', 'Mia');
INSERT INTO motorista (id, carteira, email, nome) VALUES (9, '854875512', 'sara12@example.com', 'Josué');
INSERT INTO motorista (id, carteira, email, nome) VALUES (10, '840531552', 'moliveira@example.com', 'Juliana');
INSERT INTO motorista (id, carteira, email, nome) VALUES (11, '189209298', 'matias.flores@example.com', 'Vicente');
INSERT INTO motorista (id, carteira, email, nome) VALUES (12, '864445493', 'giovane.colaço@example.net', 'Catarina');
INSERT INTO motorista (id, carteira, email, nome) VALUES (13, '263490831', 'dante27@example.org', 'Guilherme');
INSERT INTO motorista (id, carteira, email, nome) VALUES (14, '030524638', 'josué91@example.com', 'Nicole');
INSERT INTO motorista (id, carteira, email, nome) VALUES (15, '759097042', 'maia.sofia@example.com', 'Daniel');
INSERT INTO motorista (id, carteira, email, nome) VALUES (16, '556207907', 'vguerra@example.org', 'Jorge');
INSERT INTO motorista (id, carteira, email, nome) VALUES (17, '697482452', 'kvelasques@example.com', 'Violeta');
INSERT INTO motorista (id, carteira, email, nome) VALUES (18, '081641724', 'sara74@example.net', 'Maximiano');
INSERT INTO motorista (id, carteira, email, nome) VALUES (19, '892260422', 'alexandre.aragão@example.com', 'Franco');
INSERT INTO motorista (id, carteira, email, nome) VALUES (20, '853662370', 'fgonçalves@example.net', 'Juliana');
INSERT INTO motorista (id, carteira, email, nome) VALUES (21, '907559585', 'pâmela85@example.net', 'Luciano');
INSERT INTO motorista (id, carteira, email, nome) VALUES (22, '984248926', 'fguerra@example.org', 'Gian');
INSERT INTO motorista (id, carteira, email, nome) VALUES (23, '616408075', 'evandro95@example.net', 'Sebastião');
INSERT INTO motorista (id, carteira, email, nome) VALUES (24, '075472714', 'psepúlveda@example.org', 'Mário');
INSERT INTO motorista (id, carteira, email, nome) VALUES (25, '926621324', 'ecamacho@example.net', 'Sabrina');
INSERT INTO motorista (id, carteira, email, nome) VALUES (26, '217623005', 'ariadna02@example.net', 'Martinho');
INSERT INTO motorista (id, carteira, email, nome) VALUES (27, '539864272', 'faria.joão@example.com', 'Fátima');
INSERT INTO motorista (id, carteira, email, nome) VALUES (28, '674296672', 'csantiago@example.org', 'Paulina');
INSERT INTO motorista (id, carteira, email, nome) VALUES (29, '825902221', 'scolaço@example.com', 'Elizabeth');
INSERT INTO motorista (id, carteira, email, nome) VALUES (30, '286523152', 'dneves@example.com', 'Julieta');
INSERT INTO motorista (id, carteira, email, nome) VALUES (31, '703218085', 'ivana37@example.com', 'Tomás');
INSERT INTO motorista (id, carteira, email, nome) VALUES (32, '861021557', 'yramires@example.net', 'Hugo');
INSERT INTO motorista (id, carteira, email, nome) VALUES (33, '520703586', 'renata.ortega@example.com', 'Alan');
INSERT INTO motorista (id, carteira, email, nome) VALUES (34, '193352593', 'fpedrosa@example.org', 'Fabiana');
INSERT INTO motorista (id, carteira, email, nome) VALUES (35, '239126532', 'franco.josé@example.com', 'Carlos');
INSERT INTO motorista (id, carteira, email, nome) VALUES (36, '322793186', 'valéria.ávila@example.net', 'Antonieta');
INSERT INTO motorista (id, carteira, email, nome) VALUES (37, '533719091', 'elias.corona@example.org', 'Gustavo');
INSERT INTO motorista (id, carteira, email, nome) VALUES (38, '485833815', 'ferreira.constância@example.com', 'Josué');
INSERT INTO motorista (id, carteira, email, nome) VALUES (39, '849270962', 'yserrano@example.com', 'Alessandra');
INSERT INTO motorista (id, carteira, email, nome) VALUES (40, '542485026', 'tmascarenhas@example.org', 'Carolina');
INSERT INTO motorista (id, carteira, email, nome) VALUES (41, '126690343', 'mserra@example.com', 'Giovane');
INSERT INTO motorista (id, carteira, email, nome) VALUES (42, '677101490', 'jfernandes@example.com', 'Alan');
INSERT INTO motorista (id, carteira, email, nome) VALUES (43, '381533704', 'olívia56@example.org', 'Vicente');
INSERT INTO motorista (id, carteira, email, nome) VALUES (44, '543624004', 'micaela.solano@example.com', 'Júlia');
INSERT INTO motorista (id, carteira, email, nome) VALUES (45, '999179747', 'lucas79@example.net', 'Ivana');
INSERT INTO motorista (id, carteira, email, nome) VALUES (46, '095748289', 'sortega@example.org', 'Ivana');
INSERT INTO motorista (id, carteira, email, nome) VALUES (47, '189826796', 'ichaves@example.net', 'Jerônimo');
INSERT INTO motorista (id, carteira, email, nome) VALUES (48, '490366618', 'ariadna21@example.com', 'Giovana');
INSERT INTO motorista (id, carteira, email, nome) VALUES (49, '178526315', 'dante.balestero@example.com', 'Simon');
INSERT INTO motorista (id, carteira, email, nome) VALUES (50, '638619440', 'julieta.mascarenhas@example.org', 'Henrique');
INSERT INTO motorista (id, carteira, email, nome) VALUES (51, '956419953', 'matias82@example.com', 'Camilo');
INSERT INTO motorista (id, carteira, email, nome) VALUES (52, '673734115', 'rafael.deaguiar@example.org', 'Carolina');
INSERT INTO motorista (id, carteira, email, nome) VALUES (53, '527484305', 'sérgio.darosa@example.com', 'Franco');
INSERT INTO motorista (id, carteira, email, nome) VALUES (54, '799388082', 'madalena05@example.com', 'Fátima');
INSERT INTO motorista (id, carteira, email, nome) VALUES (55, '681849096', 'ovasques@example.org', 'Jerônimo');
INSERT INTO motorista (id, carteira, email, nome) VALUES (56, '544594650', 'hramires@example.net', 'Samanta');
INSERT INTO motorista (id, carteira, email, nome) VALUES (57, '043802590', 'luciana.domingues@example.org', 'Samuel');
INSERT INTO motorista (id, carteira, email, nome) VALUES (58, '266288180', 'simon44@example.net', 'Luna');
INSERT INTO motorista (id, carteira, email, nome) VALUES (59, '833970699', 'josué52@example.org', 'Mia');
INSERT INTO motorista (id, carteira, email, nome) VALUES (60, '675755567', 'meireles.francisco@example.org', 'Hugo');
INSERT INTO motorista (id, carteira, email, nome) VALUES (61, '293955569', 'samuel57@example.com', 'Amanda');
INSERT INTO motorista (id, carteira, email, nome) VALUES (62, '867497268', 'grego.helena@example.net', 'Antônio');
INSERT INTO motorista (id, carteira, email, nome) VALUES (63, '889545584', 'demian38@example.org', 'Ariadna');
INSERT INTO motorista (id, carteira, email, nome) VALUES (64, '885198575', 'quintana.maitê@example.net', 'Andrea');
INSERT INTO motorista (id, carteira, email, nome) VALUES (65, '650110516', 'cpereira@example.org', 'Valentina');
INSERT INTO motorista (id, carteira, email, nome) VALUES (66, '266624439', 'mendes.silvana@example.org', 'Beatriz');
INSERT INTO motorista (id, carteira, email, nome) VALUES (67, '469741593', 'manuela00@example.org', 'Joaquin');
INSERT INTO motorista (id, carteira, email, nome) VALUES (68, '661774676', 'faro.joão@example.net', 'Josué');
INSERT INTO motorista (id, carteira, email, nome) VALUES (69, '639749507', 'zsoto@example.com', 'Beatriz');
INSERT INTO motorista (id, carteira, email, nome) VALUES (70, '872725972', 'campos.madalena@example.org', 'Mateus');
INSERT INTO motorista (id, carteira, email, nome) VALUES (71, '478635460', 'torres.antônio@example.com', 'Valentina');
INSERT INTO motorista (id, carteira, email, nome) VALUES (72, '280521890', 'kpontes@example.net', 'Micaela');
INSERT INTO motorista (id, carteira, email, nome) VALUES (73, '862010016', 'jácomo.ávila@example.org', 'Mário');
INSERT INTO motorista (id, carteira, email, nome) VALUES (74, '859250778', 'jorge96@example.org', 'Simon');
INSERT INTO motorista (id, carteira, email, nome) VALUES (75, '903483899', 'fábio.desouza@example.com', 'Mateus');
INSERT INTO motorista (id, carteira, email, nome) VALUES (76, '374238656', 'pâmela.quintana@example.org', 'Evandro');
INSERT INTO motorista (id, carteira, email, nome) VALUES (77, '727069995', 'puchoa@example.com', 'Constância');
INSERT INTO motorista (id, carteira, email, nome) VALUES (78, '911748763', 'carrara.salomé@example.com', 'Ivana');
INSERT INTO motorista (id, carteira, email, nome) VALUES (79, '241698328', 'david.lutero@example.org', 'Beatriz');
INSERT INTO motorista (id, carteira, email, nome) VALUES (80, '577675415', 'aragão.carolina@example.com', 'Adriano');
INSERT INTO motorista (id, carteira, email, nome) VALUES (81, '700826363', 'balestero.norma@example.org', 'Thales');
INSERT INTO motorista (id, carteira, email, nome) VALUES (82, '834492226', 'valéria93@example.com', 'Felipe');
INSERT INTO motorista (id, carteira, email, nome) VALUES (83, '516767217', 'kvalência@example.com', 'Benjamin');
INSERT INTO motorista (id, carteira, email, nome) VALUES (84, '020018465', 'wvale@example.com', 'Gabriel');
INSERT INTO motorista (id, carteira, email, nome) VALUES (85, '809175511', 'mendonça.rafael@example.org', 'Carlos');
INSERT INTO motorista (id, carteira, email, nome) VALUES (86, '574493897', 'ariadna86@example.org', 'Valentin');
INSERT INTO motorista (id, carteira, email, nome) VALUES (87, '259011517', 'samanta25@example.net', 'Nicole');
INSERT INTO motorista (id, carteira, email, nome) VALUES (88, '780712145', 'alexa.perez@example.org', 'Tessália');
INSERT INTO motorista (id, carteira, email, nome) VALUES (89, '358802272', 'qtorres@example.org', 'Hugo');
INSERT INTO motorista (id, carteira, email, nome) VALUES (90, '606763029', 'quintana.fábio@example.com', 'Agostinho');
INSERT INTO motorista (id, carteira, email, nome) VALUES (91, '349588047', 'rvelasques@example.com', 'Micaela');
INSERT INTO motorista (id, carteira, email, nome) VALUES (92, '246345142', 'josé48@example.com', 'Ashley');
INSERT INTO motorista (id, carteira, email, nome) VALUES (93, '211268579', 'desouza.sérgio@example.net', 'Fabiana');
INSERT INTO motorista (id, carteira, email, nome) VALUES (94, '046511494', 'manuela.mendonça@example.net', 'Fátima');
INSERT INTO motorista (id, carteira, email, nome) VALUES (95, '969345000', 'antonieta16@example.com', 'Noel');
INSERT INTO motorista (id, carteira, email, nome) VALUES (96, '630728096', 'simão.esteves@example.com', 'Ivana');
INSERT INTO motorista (id, carteira, email, nome) VALUES (97, '126419157', 'helena38@example.com', 'Joaquin');
INSERT INTO motorista (id, carteira, email, nome) VALUES (98, '959209280', 'ávila.jerônimo@example.net', 'Emiliano');
INSERT INTO motorista (id, carteira, email, nome) VALUES (99, '445695679', 'bruno57@example.com', 'Hernani');
INSERT INTO motorista (id, carteira, email, nome) VALUES (100, '632725002', 'zambrano.franco@example.org', 'Simon');

INSERT INTO material (id, descricao, nome) VALUES (1, 'Neque maiores non laborum vitae voluptates asperiores corrupti.', 'blue');
INSERT INTO material (id, descricao, nome) VALUES (2, 'Eos sit sapiente et quas eius dolor.', 'teal');
INSERT INTO material (id, descricao, nome) VALUES (3, 'Ut aliquid velit sed mollitia repudiandae soluta expedita consequatur.', 'aqua');
INSERT INTO material (id, descricao, nome) VALUES (4, 'Maxime cum quibusdam id dolor error eius id.', 'white');
INSERT INTO material (id, descricao, nome) VALUES (5, 'Expedita et architecto eos animi delectus veniam.', 'olive');
INSERT INTO material (id, descricao, nome) VALUES (6, 'Dicta quia voluptas ut iure ipsum aut dicta sunt.', 'gray');
INSERT INTO material (id, descricao, nome) VALUES (7, 'Velit harum qui voluptas ducimus quia nam saepe.', 'aqua');
INSERT INTO material (id, descricao, nome) VALUES (8, 'Facilis ab ut dolor alias quasi nostrum necessitatibus.', 'aqua');
INSERT INTO material (id, descricao, nome) VALUES (9, 'Ut asperiores blanditiis incidunt iusto impedit ullam quas.', 'maroon');
INSERT INTO material (id, descricao, nome) VALUES (10, 'Aut dolores id unde saepe quis.', 'silver');
INSERT INTO material (id, descricao, nome) VALUES (11, 'Quidem sed sunt perferendis sunt error.', 'navy');
INSERT INTO material (id, descricao, nome) VALUES (12, 'Molestiae ducimus quam soluta quia doloribus ut.', 'maroon');
INSERT INTO material (id, descricao, nome) VALUES (13, 'Dolor non sed inventore ab molestiae est et.', 'black');
INSERT INTO material (id, descricao, nome) VALUES (14, 'Eum laudantium debitis corporis omnis.', 'maroon');
INSERT INTO material (id, descricao, nome) VALUES (15, 'Odit nesciunt et dicta.', 'maroon');
INSERT INTO material (id, descricao, nome) VALUES (16, 'Facilis quibusdam expedita debitis a.', 'yellow');
INSERT INTO material (id, descricao, nome) VALUES (17, 'Id sit odio voluptatem ipsa provident vel culpa voluptatem.', 'fuchsia');
INSERT INTO material (id, descricao, nome) VALUES (18, 'Ullam quae dolorem iusto delectus magni.', 'yellow');
INSERT INTO material (id, descricao, nome) VALUES (19, 'Sed omnis delectus eum itaque atque et dolor.', 'white');
INSERT INTO material (id, descricao, nome) VALUES (20, 'Praesentium ad qui et.', 'gray');
INSERT INTO material (id, descricao, nome) VALUES (21, 'Unde et in dolor sequi sequi facilis.', 'lime');
INSERT INTO material (id, descricao, nome) VALUES (22, 'Aut sequi sapiente quae tenetur aut quis labore.', 'gray');
INSERT INTO material (id, descricao, nome) VALUES (23, 'Ratione in autem molestiae accusantium laboriosam.', 'yellow');
INSERT INTO material (id, descricao, nome) VALUES (24, 'Tempora alias doloribus ut quia totam est nam.', 'yellow');
INSERT INTO material (id, descricao, nome) VALUES (25, 'Voluptatem aut culpa rerum ex qui sit beatae.', 'teal');
INSERT INTO material (id, descricao, nome) VALUES (26, 'Ut non non eligendi magni veniam.', 'maroon');
INSERT INTO material (id, descricao, nome) VALUES (27, 'Consequatur illo assumenda aperiam enim repellat autem possimus.', 'gray');
INSERT INTO material (id, descricao, nome) VALUES (28, 'Delectus vero non natus est illo maiores.', 'purple');
INSERT INTO material (id, descricao, nome) VALUES (29, 'Suscipit voluptatibus quos rerum culpa est quaerat.', 'olive');
INSERT INTO material (id, descricao, nome) VALUES (30, 'Sed facere sint sit ut eveniet quia.', 'teal');
INSERT INTO material (id, descricao, nome) VALUES (31, 'Architecto officia sit saepe aut voluptatem.', 'lime');
INSERT INTO material (id, descricao, nome) VALUES (32, 'Provident inventore et recusandae.', 'white');
INSERT INTO material (id, descricao, nome) VALUES (33, 'Dolor perferendis velit ullam ut possimus quam ipsum hic.', 'silver');
INSERT INTO material (id, descricao, nome) VALUES (34, 'Cumque architecto aut quo illo commodi.', 'fuchsia');
INSERT INTO material (id, descricao, nome) VALUES (35, 'Ut quidem vel consectetur corrupti facere eveniet.', 'green');
INSERT INTO material (id, descricao, nome) VALUES (36, 'Ipsa autem asperiores accusamus aut adipisci.', 'green');
INSERT INTO material (id, descricao, nome) VALUES (37, 'Molestias accusantium corporis iusto dolor.', 'navy');
INSERT INTO material (id, descricao, nome) VALUES (38, 'Laudantium repellendus reprehenderit consequatur officia fuga.', 'navy');
INSERT INTO material (id, descricao, nome) VALUES (39, 'Expedita doloremque voluptatibus neque natus exercitationem.', 'purple');
INSERT INTO material (id, descricao, nome) VALUES (40, 'Est soluta quae reiciendis harum quaerat ut iure.', 'silver');
INSERT INTO material (id, descricao, nome) VALUES (41, 'Beatae dicta qui ipsa officiis molestiae.', 'white');
INSERT INTO material (id, descricao, nome) VALUES (42, 'Recusandae quia quia sed in veniam.', 'purple');
INSERT INTO material (id, descricao, nome) VALUES (43, 'Hic inventore odit quasi.', 'aqua');
INSERT INTO material (id, descricao, nome) VALUES (44, 'Atque et voluptate id voluptas in dolore sit.', 'aqua');
INSERT INTO material (id, descricao, nome) VALUES (45, 'Excepturi ut quo mollitia qui cumque omnis magni.', 'yellow');
INSERT INTO material (id, descricao, nome) VALUES (46, 'Unde et sed et velit possimus nobis.', 'green');
INSERT INTO material (id, descricao, nome) VALUES (47, 'Optio ea eum ullam alias impedit qui.', 'silver');
INSERT INTO material (id, descricao, nome) VALUES (48, 'Deserunt ea voluptatibus sit reiciendis quidem est unde harum.', 'fuchsia');
INSERT INTO material (id, descricao, nome) VALUES (49, 'Ut ut dolores non excepturi.', 'purple');
INSERT INTO material (id, descricao, nome) VALUES (50, 'Dolorem est ipsam aliquid doloremque.', 'maroon');
INSERT INTO material (id, descricao, nome) VALUES (51, 'Laudantium velit voluptas repudiandae rem ratione cumque.', 'olive');
INSERT INTO material (id, descricao, nome) VALUES (52, 'Eos nostrum omnis sed nihil ab dolorem sit.', 'teal');
INSERT INTO material (id, descricao, nome) VALUES (53, 'Harum rerum qui facilis dolor quia.', 'olive');
INSERT INTO material (id, descricao, nome) VALUES (54, 'Consequuntur optio explicabo veniam cupiditate.', 'yellow');
INSERT INTO material (id, descricao, nome) VALUES (55, 'Non labore nulla dolorem qui dolorem.', 'silver');
INSERT INTO material (id, descricao, nome) VALUES (56, 'Illo deleniti quia sit et.', 'yellow');
INSERT INTO material (id, descricao, nome) VALUES (57, 'Quae voluptatem excepturi id quis cumque et.', 'navy');
INSERT INTO material (id, descricao, nome) VALUES (58, 'Fuga reiciendis numquam error fuga iure.', 'gray');
INSERT INTO material (id, descricao, nome) VALUES (59, 'Blanditiis vero reprehenderit vel.', 'silver');
INSERT INTO material (id, descricao, nome) VALUES (60, 'Modi quam sunt ducimus tenetur sed perferendis.', 'gray');
INSERT INTO material (id, descricao, nome) VALUES (61, 'Repellendus occaecati nemo quod fugit nam et saepe.', 'black');
INSERT INTO material (id, descricao, nome) VALUES (62, 'In possimus autem reprehenderit.', 'yellow');
INSERT INTO material (id, descricao, nome) VALUES (63, 'Et odio debitis aut aut provident in.', 'maroon');
INSERT INTO material (id, descricao, nome) VALUES (64, 'Rerum accusamus nesciunt illum sequi voluptatibus architecto quas.', 'lime');
INSERT INTO material (id, descricao, nome) VALUES (65, 'Eos error enim perspiciatis et.', 'yellow');
INSERT INTO material (id, descricao, nome) VALUES (66, 'Libero sunt amet voluptas aut aut.', 'black');
INSERT INTO material (id, descricao, nome) VALUES (67, 'Id neque repudiandae pariatur sint.', 'teal');
INSERT INTO material (id, descricao, nome) VALUES (68, 'Dolores eveniet facere mollitia laboriosam iusto.', 'blue');
INSERT INTO material (id, descricao, nome) VALUES (69, 'Voluptas vel atque vitae et corrupti voluptas dicta aspernatur.', 'purple');
INSERT INTO material (id, descricao, nome) VALUES (70, 'Ut error autem nulla et eos et ut.', 'blue');
INSERT INTO material (id, descricao, nome) VALUES (71, 'Magni cum est unde quia ipsam.', 'white');
INSERT INTO material (id, descricao, nome) VALUES (72, 'Ut quos quod et excepturi repudiandae nam.', 'white');
INSERT INTO material (id, descricao, nome) VALUES (73, 'Quod necessitatibus qui est quod repellat velit ut.', 'lime');
INSERT INTO material (id, descricao, nome) VALUES (74, 'Culpa quasi ad eius et enim dolore.', 'maroon');
INSERT INTO material (id, descricao, nome) VALUES (75, 'Blanditiis numquam fugit voluptatem similique.', 'lime');
INSERT INTO material (id, descricao, nome) VALUES (76, 'Odio aliquam aut recusandae et.', 'maroon');
INSERT INTO material (id, descricao, nome) VALUES (77, 'Ea asperiores et voluptas qui.', 'teal');
INSERT INTO material (id, descricao, nome) VALUES (78, 'Et quo ex doloremque quis.', 'white');
INSERT INTO material (id, descricao, nome) VALUES (79, 'Est qui in veritatis perspiciatis ipsum eveniet dicta.', 'fuchsia');
INSERT INTO material (id, descricao, nome) VALUES (80, 'Pariatur quas ab doloremque accusamus nemo sequi nemo.', 'purple');
INSERT INTO material (id, descricao, nome) VALUES (81, 'Autem molestias dignissimos ut et.', 'white');
INSERT INTO material (id, descricao, nome) VALUES (82, 'Ipsum quia ut illo.', 'fuchsia');
INSERT INTO material (id, descricao, nome) VALUES (83, 'Nobis reprehenderit natus accusantium.', 'teal');
INSERT INTO material (id, descricao, nome) VALUES (84, 'Non ad cum consectetur sed.', 'silver');
INSERT INTO material (id, descricao, nome) VALUES (85, 'Quae dolorem nam et harum voluptas eum sunt.', 'lime');
INSERT INTO material (id, descricao, nome) VALUES (86, 'Quia est velit praesentium tempore eveniet.', 'gray');
INSERT INTO material (id, descricao, nome) VALUES (87, 'Quis natus molestiae delectus perferendis et magni autem odit.', 'aqua');
INSERT INTO material (id, descricao, nome) VALUES (88, 'Voluptatum earum consequatur tempora eius recusandae.', 'maroon');
INSERT INTO material (id, descricao, nome) VALUES (89, 'Sunt consequatur facilis veniam dolorum aliquam sint.', 'yellow');
INSERT INTO material (id, descricao, nome) VALUES (90, 'Odit repellat nihil animi totam vitae eaque.', 'silver');
INSERT INTO material (id, descricao, nome) VALUES (91, 'Repudiandae eum aut atque molestiae expedita.', 'teal');
INSERT INTO material (id, descricao, nome) VALUES (92, 'Omnis aliquid earum quas modi ad.', 'green');
INSERT INTO material (id, descricao, nome) VALUES (93, 'Tempora qui excepturi vero in et provident vel.', 'white');
INSERT INTO material (id, descricao, nome) VALUES (94, 'Rerum optio rem asperiores ut perspiciatis nemo.', 'green');
INSERT INTO material (id, descricao, nome) VALUES (95, 'Ipsam illo sed facere accusamus est eligendi.', 'aqua');
INSERT INTO material (id, descricao, nome) VALUES (96, 'Consequatur asperiores optio amet ea.', 'white');
INSERT INTO material (id, descricao, nome) VALUES (97, 'Velit non repellat qui ab maiores vel.', 'blue');
INSERT INTO material (id, descricao, nome) VALUES (98, 'Ut ea rerum rerum esse voluptas.', 'olive');
INSERT INTO material (id, descricao, nome) VALUES (99, 'Natus sequi incidunt aperiam.', 'white');
INSERT INTO material (id, descricao, nome) VALUES (100, 'Quas eum delectus non aut dolores animi.', 'white');

INSERT INTO viagem (id, datetime_saida, datetime_volta, encerrado, excluido, status, motorista_id, veiculo_id) VALUES (1, '2007-12-21', '2017-09-16', 1, 1, 'CONFIRMADO', 1, 1);
INSERT INTO viagem (id, datetime_saida, datetime_volta, encerrado, excluido, status, motorista_id, veiculo_id) VALUES (2, '1997-05-31', '', 0, 1, 'NAO_CONFIRMADO', 2, 2);
INSERT INTO viagem (id, datetime_saida, datetime_volta, encerrado, excluido, status, motorista_id, veiculo_id) VALUES (3, '2019-04-15', '1996-08-06', 1, 1, 'NAO_CONFIRMADO', 3, 3);
INSERT INTO viagem (id, datetime_saida, datetime_volta, encerrado, excluido, status, motorista_id, veiculo_id) VALUES (4, '2004-03-25', '', 1, 1, 'NAO_CONFIRMADO', 4, 4);
INSERT INTO viagem (id, datetime_saida, datetime_volta, encerrado, excluido, status, motorista_id, veiculo_id) VALUES (5, '1975-08-15', '1979-04-10', 1, 1, 'CONFIRMADO', 5, 5);
INSERT INTO viagem (id, datetime_saida, datetime_volta, encerrado, excluido, status, motorista_id, veiculo_id) VALUES (6, '2003-05-24', '', 1, 1, 'CONFIRMADO', 6, 6);
INSERT INTO viagem (id, datetime_saida, datetime_volta, encerrado, excluido, status, motorista_id, veiculo_id) VALUES (7, '1970-11-24', '', 0, 1, 'CONFIRMADO', 7, 7);
INSERT INTO viagem (id, datetime_saida, datetime_volta, encerrado, excluido, status, motorista_id, veiculo_id) VALUES (8, '1994-12-14', '', 0, 1, 'CONFIRMADO', 8, 8);
INSERT INTO viagem (id, datetime_saida, datetime_volta, encerrado, excluido, status, motorista_id, veiculo_id) VALUES (9, '1973-08-14', '2007-09-03', 1, 1, 'NAO_CONFIRMADO', 9, 9);
INSERT INTO viagem (id, datetime_saida, datetime_volta, encerrado, excluido, status, motorista_id, veiculo_id) VALUES (10, '2016-05-16', '', 0, 1, 'NAO_CONFIRMADO', 10, 10);
INSERT INTO viagem (id, datetime_saida, datetime_volta, encerrado, excluido, status, motorista_id, veiculo_id) VALUES (11, '1982-06-10', '2003-03-12', 1, 1, 'CONFIRMADO', 11, 11);
INSERT INTO viagem (id, datetime_saida, datetime_volta, encerrado, excluido, status, motorista_id, veiculo_id) VALUES (12, '1991-12-05', '', 1, 1, 'CONFIRMADO', 12, 12);
INSERT INTO viagem (id, datetime_saida, datetime_volta, encerrado, excluido, status, motorista_id, veiculo_id) VALUES (13, '2008-03-24', '2019-08-26', 0, 1, 'NAO_CONFIRMADO', 13, 13);
INSERT INTO viagem (id, datetime_saida, datetime_volta, encerrado, excluido, status, motorista_id, veiculo_id) VALUES (14, '1972-01-02', '2019-09-30', 0, 1, 'NAO_CONFIRMADO', 14, 14);
INSERT INTO viagem (id, datetime_saida, datetime_volta, encerrado, excluido, status, motorista_id, veiculo_id) VALUES (15, '2009-07-14', '1994-04-18', 1, 1, 'CONFIRMADO', 15, 15);
INSERT INTO viagem (id, datetime_saida, datetime_volta, encerrado, excluido, status, motorista_id, veiculo_id) VALUES (16, '2020-11-08', '', 1, 1, 'NAO_CONFIRMADO', 16, 16);
INSERT INTO viagem (id, datetime_saida, datetime_volta, encerrado, excluido, status, motorista_id, veiculo_id) VALUES (17, '1988-02-16', '1994-04-24', 0, 1, 'CONFIRMADO', 17, 17);
INSERT INTO viagem (id, datetime_saida, datetime_volta, encerrado, excluido, status, motorista_id, veiculo_id) VALUES (18, '1991-05-05', '1994-07-04', 0, 1, 'CONFIRMADO', 18, 18);
INSERT INTO viagem (id, datetime_saida, datetime_volta, encerrado, excluido, status, motorista_id, veiculo_id) VALUES (19, '1986-12-19', '', 1, 1, 'NAO_CONFIRMADO', 19, 19);
INSERT INTO viagem (id, datetime_saida, datetime_volta, encerrado, excluido, status, motorista_id, veiculo_id) VALUES (20, '1971-02-19', '', 1, 1, 'NAO_CONFIRMADO', 20, 20);
INSERT INTO viagem (id, datetime_saida, datetime_volta, encerrado, excluido, status, motorista_id, veiculo_id) VALUES (21, '1984-01-07', '2016-01-19', 0, 1, 'CONFIRMADO', 21, 21);
INSERT INTO viagem (id, datetime_saida, datetime_volta, encerrado, excluido, status, motorista_id, veiculo_id) VALUES (22, '1994-05-27', '', 1, 1, 'NAO_CONFIRMADO', 22, 22);
INSERT INTO viagem (id, datetime_saida, datetime_volta, encerrado, excluido, status, motorista_id, veiculo_id) VALUES (23, '1980-11-05', '1973-12-26', 1, 1, 'CONFIRMADO', 23, 23);
INSERT INTO viagem (id, datetime_saida, datetime_volta, encerrado, excluido, status, motorista_id, veiculo_id) VALUES (24, '2013-11-11', '1972-12-14', 0, 1, 'NAO_CONFIRMADO', 24, 24);
INSERT INTO viagem (id, datetime_saida, datetime_volta, encerrado, excluido, status, motorista_id, veiculo_id) VALUES (25, '2007-12-19', '', 0, 1, 'CONFIRMADO', 25, 25);
INSERT INTO viagem (id, datetime_saida, datetime_volta, encerrado, excluido, status, motorista_id, veiculo_id) VALUES (26, '1972-04-24', '2014-08-11', 1, 1, 'NAO_CONFIRMADO', 26, 26);
INSERT INTO viagem (id, datetime_saida, datetime_volta, encerrado, excluido, status, motorista_id, veiculo_id) VALUES (27, '1995-12-16', '1986-01-04', 1, 1, 'NAO_CONFIRMADO', 27, 27);
INSERT INTO viagem (id, datetime_saida, datetime_volta, encerrado, excluido, status, motorista_id, veiculo_id) VALUES (28, '2015-07-28', '', 1, 1, 'CONFIRMADO', 28, 28);
INSERT INTO viagem (id, datetime_saida, datetime_volta, encerrado, excluido, status, motorista_id, veiculo_id) VALUES (29, '1984-12-07', '2011-08-27', 1, 1, 'CONFIRMADO', 29, 29);
INSERT INTO viagem (id, datetime_saida, datetime_volta, encerrado, excluido, status, motorista_id, veiculo_id) VALUES (30, '1994-08-01', '', 0, 1, 'NAO_CONFIRMADO', 30, 30);
INSERT INTO viagem (id, datetime_saida, datetime_volta, encerrado, excluido, status, motorista_id, veiculo_id) VALUES (31, '1996-01-10', '2004-11-18', 0, 1, 'NAO_CONFIRMADO', 31, 31);
INSERT INTO viagem (id, datetime_saida, datetime_volta, encerrado, excluido, status, motorista_id, veiculo_id) VALUES (32, '1971-06-12', '', 0, 1, 'NAO_CONFIRMADO', 32, 32);
INSERT INTO viagem (id, datetime_saida, datetime_volta, encerrado, excluido, status, motorista_id, veiculo_id) VALUES (33, '2007-05-29', '', 0, 0, 'NAO_CONFIRMADO', 33, 33);
INSERT INTO viagem (id, datetime_saida, datetime_volta, encerrado, excluido, status, motorista_id, veiculo_id) VALUES (34, '1976-10-13', '', 0, 0, 'CONFIRMADO', 34, 34);
INSERT INTO viagem (id, datetime_saida, datetime_volta, encerrado, excluido, status, motorista_id, veiculo_id) VALUES (35, '1982-12-06', '2022-01-14', 1, 1, 'NAO_CONFIRMADO', 35, 35);
INSERT INTO viagem (id, datetime_saida, datetime_volta, encerrado, excluido, status, motorista_id, veiculo_id) VALUES (36, '1999-01-17', '1985-09-21', 1, 1, 'CONFIRMADO', 36, 36);
INSERT INTO viagem (id, datetime_saida, datetime_volta, encerrado, excluido, status, motorista_id, veiculo_id) VALUES (37, '1985-06-05', '', 1, 1, 'CONFIRMADO', 37, 37);
INSERT INTO viagem (id, datetime_saida, datetime_volta, encerrado, excluido, status, motorista_id, veiculo_id) VALUES (38, '2005-09-23', '', 0, 1, 'NAO_CONFIRMADO', 38, 38);
INSERT INTO viagem (id, datetime_saida, datetime_volta, encerrado, excluido, status, motorista_id, veiculo_id) VALUES (39, '2018-01-09', '', 1, 1, 'NAO_CONFIRMADO', 39, 39);
INSERT INTO viagem (id, datetime_saida, datetime_volta, encerrado, excluido, status, motorista_id, veiculo_id) VALUES (40, '2004-04-09', '', 1, 1, 'NAO_CONFIRMADO', 40, 40);
INSERT INTO viagem (id, datetime_saida, datetime_volta, encerrado, excluido, status, motorista_id, veiculo_id) VALUES (41, '2009-05-20', '', 0, 1, 'NAO_CONFIRMADO', 41, 41);
INSERT INTO viagem (id, datetime_saida, datetime_volta, encerrado, excluido, status, motorista_id, veiculo_id) VALUES (42, '1977-10-18', '', 0, 1, 'NAO_CONFIRMADO', 42, 42);
INSERT INTO viagem (id, datetime_saida, datetime_volta, encerrado, excluido, status, motorista_id, veiculo_id) VALUES (43, '2022-09-10', '', 0, 1, 'CONFIRMADO', 43, 43);
INSERT INTO viagem (id, datetime_saida, datetime_volta, encerrado, excluido, status, motorista_id, veiculo_id) VALUES (44, '1995-09-03', '', 1, 0, 'CONFIRMADO', 44, 44);
INSERT INTO viagem (id, datetime_saida, datetime_volta, encerrado, excluido, status, motorista_id, veiculo_id) VALUES (45, '2001-01-08', '1970-07-29', 1, 1, 'NAO_CONFIRMADO', 45, 45);
INSERT INTO viagem (id, datetime_saida, datetime_volta, encerrado, excluido, status, motorista_id, veiculo_id) VALUES (46, '1998-07-25', '', 0, 1, 'NAO_CONFIRMADO', 46, 46);
INSERT INTO viagem (id, datetime_saida, datetime_volta, encerrado, excluido, status, motorista_id, veiculo_id) VALUES (47, '2002-03-04', '1997-04-11', 1, 1, 'NAO_CONFIRMADO', 47, 47);
INSERT INTO viagem (id, datetime_saida, datetime_volta, encerrado, excluido, status, motorista_id, veiculo_id) VALUES (48, '1970-03-10', '2000-10-31', 1, 1, 'CONFIRMADO', 48, 48);
INSERT INTO viagem (id, datetime_saida, datetime_volta, encerrado, excluido, status, motorista_id, veiculo_id) VALUES (49, '1980-11-12', '1977-04-20', 1, 0, 'CONFIRMADO', 49, 49);
INSERT INTO viagem (id, datetime_saida, datetime_volta, encerrado, excluido, status, motorista_id, veiculo_id) VALUES (50, '1995-05-14', '1987-07-03', 1, 0, 'NAO_CONFIRMADO', 50, 50);
INSERT INTO viagem (id, datetime_saida, datetime_volta, encerrado, excluido, status, motorista_id, veiculo_id) VALUES (51, '1991-04-20', '', 0, 1, 'CONFIRMADO', 51, 51);
INSERT INTO viagem (id, datetime_saida, datetime_volta, encerrado, excluido, status, motorista_id, veiculo_id) VALUES (52, '1992-06-27', '', 1, 1, 'CONFIRMADO', 52, 52);
INSERT INTO viagem (id, datetime_saida, datetime_volta, encerrado, excluido, status, motorista_id, veiculo_id) VALUES (53, '2007-12-11', '1990-05-22', 0, 1, 'CONFIRMADO', 53, 53);
INSERT INTO viagem (id, datetime_saida, datetime_volta, encerrado, excluido, status, motorista_id, veiculo_id) VALUES (54, '2000-12-23', '1987-07-22', 0, 1, 'NAO_CONFIRMADO', 54, 54);
INSERT INTO viagem (id, datetime_saida, datetime_volta, encerrado, excluido, status, motorista_id, veiculo_id) VALUES (55, '1970-09-11', '', 1, 1, 'CONFIRMADO', 55, 55);
INSERT INTO viagem (id, datetime_saida, datetime_volta, encerrado, excluido, status, motorista_id, veiculo_id) VALUES (56, '2000-08-17', '1977-03-31', 0, 1, 'CONFIRMADO', 56, 56);
INSERT INTO viagem (id, datetime_saida, datetime_volta, encerrado, excluido, status, motorista_id, veiculo_id) VALUES (57, '1974-09-09', '1988-10-04', 1, 1, 'CONFIRMADO', 57, 57);
INSERT INTO viagem (id, datetime_saida, datetime_volta, encerrado, excluido, status, motorista_id, veiculo_id) VALUES (58, '2010-05-05', '1980-11-30', 0, 1, 'NAO_CONFIRMADO', 58, 58);
INSERT INTO viagem (id, datetime_saida, datetime_volta, encerrado, excluido, status, motorista_id, veiculo_id) VALUES (59, '2019-08-12', '', 1, 1, 'CONFIRMADO', 59, 59);
INSERT INTO viagem (id, datetime_saida, datetime_volta, encerrado, excluido, status, motorista_id, veiculo_id) VALUES (60, '2001-01-07', '', 1, 1, 'CONFIRMADO', 60, 60);
INSERT INTO viagem (id, datetime_saida, datetime_volta, encerrado, excluido, status, motorista_id, veiculo_id) VALUES (61, '2007-12-13', '1986-05-10', 1, 1, 'CONFIRMADO', 61, 61);
INSERT INTO viagem (id, datetime_saida, datetime_volta, encerrado, excluido, status, motorista_id, veiculo_id) VALUES (62, '1984-09-29', '1992-09-14', 0, 1, 'NAO_CONFIRMADO', 62, 62);
INSERT INTO viagem (id, datetime_saida, datetime_volta, encerrado, excluido, status, motorista_id, veiculo_id) VALUES (63, '1971-09-19', '2017-12-24', 1, 1, 'NAO_CONFIRMADO', 63, 63);
INSERT INTO viagem (id, datetime_saida, datetime_volta, encerrado, excluido, status, motorista_id, veiculo_id) VALUES (64, '1991-10-16', '', 0, 1, 'CONFIRMADO', 64, 64);
INSERT INTO viagem (id, datetime_saida, datetime_volta, encerrado, excluido, status, motorista_id, veiculo_id) VALUES (65, '1998-04-14', '2017-03-11', 1, 1, 'CONFIRMADO', 65, 65);
INSERT INTO viagem (id, datetime_saida, datetime_volta, encerrado, excluido, status, motorista_id, veiculo_id) VALUES (66, '2010-03-31', '1975-09-18', 0, 0, 'NAO_CONFIRMADO', 66, 66);
INSERT INTO viagem (id, datetime_saida, datetime_volta, encerrado, excluido, status, motorista_id, veiculo_id) VALUES (67, '1991-09-16', '1978-09-17', 1, 1, 'NAO_CONFIRMADO', 67, 67);
INSERT INTO viagem (id, datetime_saida, datetime_volta, encerrado, excluido, status, motorista_id, veiculo_id) VALUES (68, '1991-01-19', '', 0, 0, 'NAO_CONFIRMADO', 68, 68);
INSERT INTO viagem (id, datetime_saida, datetime_volta, encerrado, excluido, status, motorista_id, veiculo_id) VALUES (69, '2015-10-21', '1982-03-03', 0, 1, 'CONFIRMADO', 69, 69);
INSERT INTO viagem (id, datetime_saida, datetime_volta, encerrado, excluido, status, motorista_id, veiculo_id) VALUES (70, '2013-08-08', '', 0, 1, 'CONFIRMADO', 70, 70);
INSERT INTO viagem (id, datetime_saida, datetime_volta, encerrado, excluido, status, motorista_id, veiculo_id) VALUES (71, '1977-02-12', '2012-05-11', 1, 1, 'CONFIRMADO', 71, 71);
INSERT INTO viagem (id, datetime_saida, datetime_volta, encerrado, excluido, status, motorista_id, veiculo_id) VALUES (72, '1992-03-23', '', 0, 0, 'CONFIRMADO', 72, 72);
INSERT INTO viagem (id, datetime_saida, datetime_volta, encerrado, excluido, status, motorista_id, veiculo_id) VALUES (73, '1970-11-01', '', 1, 1, 'CONFIRMADO', 73, 73);
INSERT INTO viagem (id, datetime_saida, datetime_volta, encerrado, excluido, status, motorista_id, veiculo_id) VALUES (74, '2013-03-29', '1984-12-24', 0, 1, 'NAO_CONFIRMADO', 74, 74);
INSERT INTO viagem (id, datetime_saida, datetime_volta, encerrado, excluido, status, motorista_id, veiculo_id) VALUES (75, '1975-05-28', '2012-03-19', 0, 1, 'NAO_CONFIRMADO', 75, 75);
INSERT INTO viagem (id, datetime_saida, datetime_volta, encerrado, excluido, status, motorista_id, veiculo_id) VALUES (76, '1999-03-14', '1996-12-13', 0, 1, 'CONFIRMADO', 76, 76);
INSERT INTO viagem (id, datetime_saida, datetime_volta, encerrado, excluido, status, motorista_id, veiculo_id) VALUES (77, '1982-03-19', '1988-06-06', 1, 1, 'NAO_CONFIRMADO', 77, 77);
INSERT INTO viagem (id, datetime_saida, datetime_volta, encerrado, excluido, status, motorista_id, veiculo_id) VALUES (78, '1988-08-11', '', 1, 1, 'CONFIRMADO', 78, 78);
INSERT INTO viagem (id, datetime_saida, datetime_volta, encerrado, excluido, status, motorista_id, veiculo_id) VALUES (79, '2022-02-17', '1997-12-11', 1, 1, 'NAO_CONFIRMADO', 79, 79);
INSERT INTO viagem (id, datetime_saida, datetime_volta, encerrado, excluido, status, motorista_id, veiculo_id) VALUES (80, '1995-06-10', '2020-05-10', 0, 1, 'NAO_CONFIRMADO', 80, 80);
INSERT INTO viagem (id, datetime_saida, datetime_volta, encerrado, excluido, status, motorista_id, veiculo_id) VALUES (81, '2003-05-07', '', 0, 1, 'NAO_CONFIRMADO', 81, 81);
INSERT INTO viagem (id, datetime_saida, datetime_volta, encerrado, excluido, status, motorista_id, veiculo_id) VALUES (82, '2021-10-28', '', 0, 1, 'CONFIRMADO', 82, 82);
INSERT INTO viagem (id, datetime_saida, datetime_volta, encerrado, excluido, status, motorista_id, veiculo_id) VALUES (83, '2021-03-04', '', 0, 1, 'CONFIRMADO', 83, 83);
INSERT INTO viagem (id, datetime_saida, datetime_volta, encerrado, excluido, status, motorista_id, veiculo_id) VALUES (84, '2007-12-18', '', 1, 1, 'CONFIRMADO', 84, 84);
INSERT INTO viagem (id, datetime_saida, datetime_volta, encerrado, excluido, status, motorista_id, veiculo_id) VALUES (85, '1998-09-12', '', 0, 1, 'CONFIRMADO', 85, 85);
INSERT INTO viagem (id, datetime_saida, datetime_volta, encerrado, excluido, status, motorista_id, veiculo_id) VALUES (86, '2016-09-05', '', 1, 1, 'NAO_CONFIRMADO', 86, 86);
INSERT INTO viagem (id, datetime_saida, datetime_volta, encerrado, excluido, status, motorista_id, veiculo_id) VALUES (87, '1972-06-08', '2011-07-18', 0, 1, 'NAO_CONFIRMADO', 87, 87);
INSERT INTO viagem (id, datetime_saida, datetime_volta, encerrado, excluido, status, motorista_id, veiculo_id) VALUES (88, '1976-02-09', '', 1, 1, 'NAO_CONFIRMADO', 88, 88);
INSERT INTO viagem (id, datetime_saida, datetime_volta, encerrado, excluido, status, motorista_id, veiculo_id) VALUES (89, '1971-10-03', '1996-11-12', 1, 0, 'CONFIRMADO', 89, 89);
INSERT INTO viagem (id, datetime_saida, datetime_volta, encerrado, excluido, status, motorista_id, veiculo_id) VALUES (90, '2023-03-23', '', 0, 1, 'NAO_CONFIRMADO', 90, 90);
INSERT INTO viagem (id, datetime_saida, datetime_volta, encerrado, excluido, status, motorista_id, veiculo_id) VALUES (91, '1992-07-08', '1972-11-12', 0, 1, 'NAO_CONFIRMADO', 91, 91);
INSERT INTO viagem (id, datetime_saida, datetime_volta, encerrado, excluido, status, motorista_id, veiculo_id) VALUES (92, '2021-06-21', '', 1, 1, 'NAO_CONFIRMADO', 92, 92);
INSERT INTO viagem (id, datetime_saida, datetime_volta, encerrado, excluido, status, motorista_id, veiculo_id) VALUES (93, '1979-01-22', '1983-01-29', 1, 1, 'NAO_CONFIRMADO', 93, 93);
INSERT INTO viagem (id, datetime_saida, datetime_volta, encerrado, excluido, status, motorista_id, veiculo_id) VALUES (94, '2020-07-11', '', 0, 1, 'CONFIRMADO', 94, 94);
INSERT INTO viagem (id, datetime_saida, datetime_volta, encerrado, excluido, status, motorista_id, veiculo_id) VALUES (95, '1992-02-16', '', 1, 1, 'CONFIRMADO', 95, 95);
INSERT INTO viagem (id, datetime_saida, datetime_volta, encerrado, excluido, status, motorista_id, veiculo_id) VALUES (96, '1986-12-23', '1993-06-25', 1, 0, 'NAO_CONFIRMADO', 96, 96);
INSERT INTO viagem (id, datetime_saida, datetime_volta, encerrado, excluido, status, motorista_id, veiculo_id) VALUES (97, '2008-03-27', '', 0, 1, 'CONFIRMADO', 97, 97);
INSERT INTO viagem (id, datetime_saida, datetime_volta, encerrado, excluido, status, motorista_id, veiculo_id) VALUES (98, '2019-04-12', '2013-07-29', 0, 1, 'CONFIRMADO', 98, 98);
INSERT INTO viagem (id, datetime_saida, datetime_volta, encerrado, excluido, status, motorista_id, veiculo_id) VALUES (99, '2019-06-15', '2012-09-19', 1, 1, 'CONFIRMADO', 99, 99);
INSERT INTO viagem (id, datetime_saida, datetime_volta, encerrado, excluido, status, motorista_id, veiculo_id) VALUES (100, '1971-08-01', '', 0, 1, 'CONFIRMADO', 100, 100);

INSERT INTO destino (id, excluido, status, sede_id, viagem_id) VALUES (1, 0, 'NAO_CONFIRMADO', 1, 1);
INSERT INTO destino (id, excluido, status, sede_id, viagem_id) VALUES (2, 0, 'CONFIRMADO', 2, 2);
INSERT INTO destino (id, excluido, status, sede_id, viagem_id) VALUES (3, 0, 'CONFIRMADO', 3, 3);
INSERT INTO destino (id, excluido, status, sede_id, viagem_id) VALUES (4, 0, 'CONFIRMADO', 4, 4);
INSERT INTO destino (id, excluido, status, sede_id, viagem_id) VALUES (5, 0, 'CONFIRMADO', 5, 5);
INSERT INTO destino (id, excluido, status, sede_id, viagem_id) VALUES (6, 1, 'NAO_CONFIRMADO', 6, 6);
INSERT INTO destino (id, excluido, status, sede_id, viagem_id) VALUES (7, 1, 'NAO_CONFIRMADO', 7, 7);
INSERT INTO destino (id, excluido, status, sede_id, viagem_id) VALUES (8, 0, 'CONFIRMADO', 8, 8);
INSERT INTO destino (id, excluido, status, sede_id, viagem_id) VALUES (9, 1, 'NAO_CONFIRMADO', 9, 9);
INSERT INTO destino (id, excluido, status, sede_id, viagem_id) VALUES (10, 0, 'NAO_CONFIRMADO', '10', 10);
INSERT INTO destino (id, excluido, status, sede_id, viagem_id) VALUES (11, 1, 'NAO_CONFIRMADO', '11', 11);
INSERT INTO destino (id, excluido, status, sede_id, viagem_id) VALUES (12, 0, 'NAO_CONFIRMADO', '12', 12);
INSERT INTO destino (id, excluido, status, sede_id, viagem_id) VALUES (13, 0, 'NAO_CONFIRMADO', '13', 13);
INSERT INTO destino (id, excluido, status, sede_id, viagem_id) VALUES (14, 0, 'CONFIRMADO', '14', 14);
INSERT INTO destino (id, excluido, status, sede_id, viagem_id) VALUES (15, 1, 'NAO_CONFIRMADO', '15', 15);
INSERT INTO destino (id, excluido, status, sede_id, viagem_id) VALUES (16, 0, 'CONFIRMADO', '16', 16);
INSERT INTO destino (id, excluido, status, sede_id, viagem_id) VALUES (17, 1, 'NAO_CONFIRMADO', '17', 17);
INSERT INTO destino (id, excluido, status, sede_id, viagem_id) VALUES (18, 1, 'CONFIRMADO', '18', 18);
INSERT INTO destino (id, excluido, status, sede_id, viagem_id) VALUES (19, 1, 'NAO_CONFIRMADO', '19', 19);
INSERT INTO destino (id, excluido, status, sede_id, viagem_id) VALUES (20, 0, 'CONFIRMADO', '20', 20);
INSERT INTO destino (id, excluido, status, sede_id, viagem_id) VALUES (21, 1, 'NAO_CONFIRMADO', '21', 21);
INSERT INTO destino (id, excluido, status, sede_id, viagem_id) VALUES (22, 0, 'CONFIRMADO', '22', 22);
INSERT INTO destino (id, excluido, status, sede_id, viagem_id) VALUES (23, 1, 'CONFIRMADO', '23', 23);
INSERT INTO destino (id, excluido, status, sede_id, viagem_id) VALUES (24, 0, 'CONFIRMADO', '24', 24);
INSERT INTO destino (id, excluido, status, sede_id, viagem_id) VALUES (25, 0, 'CONFIRMADO', '25', 25);
INSERT INTO destino (id, excluido, status, sede_id, viagem_id) VALUES (26, 0, 'NAO_CONFIRMADO', '26', 26);
INSERT INTO destino (id, excluido, status, sede_id, viagem_id) VALUES (27, 0, 'NAO_CONFIRMADO', '27', 27);
INSERT INTO destino (id, excluido, status, sede_id, viagem_id) VALUES (28, 0, 'CONFIRMADO', '28', 28);
INSERT INTO destino (id, excluido, status, sede_id, viagem_id) VALUES (29, 1, 'NAO_CONFIRMADO', '29', 29);
INSERT INTO destino (id, excluido, status, sede_id, viagem_id) VALUES (30, 0, 'NAO_CONFIRMADO', '30', 30);
INSERT INTO destino (id, excluido, status, sede_id, viagem_id) VALUES (31, 0, 'NAO_CONFIRMADO', '31', 31);
INSERT INTO destino (id, excluido, status, sede_id, viagem_id) VALUES (32, 0, 'CONFIRMADO', '32', 32);
INSERT INTO destino (id, excluido, status, sede_id, viagem_id) VALUES (33, 0, 'CONFIRMADO', '33', 33);
INSERT INTO destino (id, excluido, status, sede_id, viagem_id) VALUES (34, 0, 'CONFIRMADO', '34', 34);
INSERT INTO destino (id, excluido, status, sede_id, viagem_id) VALUES (35, 0, 'CONFIRMADO', '35', 35);
INSERT INTO destino (id, excluido, status, sede_id, viagem_id) VALUES (36, 0, 'NAO_CONFIRMADO', '36', 36);
INSERT INTO destino (id, excluido, status, sede_id, viagem_id) VALUES (37, 0, 'NAO_CONFIRMADO', '37', 37);
INSERT INTO destino (id, excluido, status, sede_id, viagem_id) VALUES (38, 0, 'CONFIRMADO', '38', 38);
INSERT INTO destino (id, excluido, status, sede_id, viagem_id) VALUES (39, 0, 'CONFIRMADO', '39', 39);
INSERT INTO destino (id, excluido, status, sede_id, viagem_id) VALUES (40, 1, 'NAO_CONFIRMADO', '40', 40);
INSERT INTO destino (id, excluido, status, sede_id, viagem_id) VALUES (41, 0, 'NAO_CONFIRMADO', '41', 41);
INSERT INTO destino (id, excluido, status, sede_id, viagem_id) VALUES (42, 0, 'NAO_CONFIRMADO', '42', 42);
INSERT INTO destino (id, excluido, status, sede_id, viagem_id) VALUES (43, 0, 'CONFIRMADO', '43', 43);
INSERT INTO destino (id, excluido, status, sede_id, viagem_id) VALUES (44, 1, 'NAO_CONFIRMADO', '44', 44);
INSERT INTO destino (id, excluido, status, sede_id, viagem_id) VALUES (45, 0, 'NAO_CONFIRMADO', '45', 45);
INSERT INTO destino (id, excluido, status, sede_id, viagem_id) VALUES (46, 0, 'CONFIRMADO', '46', 46);
INSERT INTO destino (id, excluido, status, sede_id, viagem_id) VALUES (47, 0, 'CONFIRMADO', '47', 47);
INSERT INTO destino (id, excluido, status, sede_id, viagem_id) VALUES (48, 0, 'CONFIRMADO', '48', 48);
INSERT INTO destino (id, excluido, status, sede_id, viagem_id) VALUES (49, 1, 'NAO_CONFIRMADO', '49', 49);
INSERT INTO destino (id, excluido, status, sede_id, viagem_id) VALUES (50, 0, 'CONFIRMADO', '50', 50);
INSERT INTO destino (id, excluido, status, sede_id, viagem_id) VALUES (51, 1, 'CONFIRMADO', '51', 51);
INSERT INTO destino (id, excluido, status, sede_id, viagem_id) VALUES (52, 1, 'NAO_CONFIRMADO', '52', 52);
INSERT INTO destino (id, excluido, status, sede_id, viagem_id) VALUES (53, 1, 'NAO_CONFIRMADO', '53', 53);
INSERT INTO destino (id, excluido, status, sede_id, viagem_id) VALUES (54, 0, 'NAO_CONFIRMADO', '54', 54);
INSERT INTO destino (id, excluido, status, sede_id, viagem_id) VALUES (55, 0, 'NAO_CONFIRMADO', '55', 55);
INSERT INTO destino (id, excluido, status, sede_id, viagem_id) VALUES (56, 0, 'NAO_CONFIRMADO', '56', 56);
INSERT INTO destino (id, excluido, status, sede_id, viagem_id) VALUES (57, 0, 'CONFIRMADO', '57', 57);
INSERT INTO destino (id, excluido, status, sede_id, viagem_id) VALUES (58, 1, 'CONFIRMADO', '58', 58);
INSERT INTO destino (id, excluido, status, sede_id, viagem_id) VALUES (59, 1, 'CONFIRMADO', '59', 59);
INSERT INTO destino (id, excluido, status, sede_id, viagem_id) VALUES (60, 0, 'NAO_CONFIRMADO', '60', 60);
INSERT INTO destino (id, excluido, status, sede_id, viagem_id) VALUES (61, 0, 'NAO_CONFIRMADO', '61', 61);
INSERT INTO destino (id, excluido, status, sede_id, viagem_id) VALUES (62, 0, 'CONFIRMADO', '62', 62);
INSERT INTO destino (id, excluido, status, sede_id, viagem_id) VALUES (63, 1, 'CONFIRMADO', '63', 63);
INSERT INTO destino (id, excluido, status, sede_id, viagem_id) VALUES (64, 0, 'CONFIRMADO', '64', 64);
INSERT INTO destino (id, excluido, status, sede_id, viagem_id) VALUES (65, 1, 'NAO_CONFIRMADO', '65', 65);
INSERT INTO destino (id, excluido, status, sede_id, viagem_id) VALUES (66, 0, 'CONFIRMADO', '66', 66);
INSERT INTO destino (id, excluido, status, sede_id, viagem_id) VALUES (67, 1, 'CONFIRMADO', '67', 67);
INSERT INTO destino (id, excluido, status, sede_id, viagem_id) VALUES (68, 0, 'NAO_CONFIRMADO', '68', 68);
INSERT INTO destino (id, excluido, status, sede_id, viagem_id) VALUES (69, 0, 'CONFIRMADO', '69', 69);
INSERT INTO destino (id, excluido, status, sede_id, viagem_id) VALUES (70, 1, 'CONFIRMADO', '70', 70);
INSERT INTO destino (id, excluido, status, sede_id, viagem_id) VALUES (71, 0, 'NAO_CONFIRMADO', '71', 71);
INSERT INTO destino (id, excluido, status, sede_id, viagem_id) VALUES (72, 0, 'NAO_CONFIRMADO', '72', 72);
INSERT INTO destino (id, excluido, status, sede_id, viagem_id) VALUES (73, 0, 'CONFIRMADO', '73', 73);
INSERT INTO destino (id, excluido, status, sede_id, viagem_id) VALUES (74, 1, 'CONFIRMADO', '74', 74);
INSERT INTO destino (id, excluido, status, sede_id, viagem_id) VALUES (75, 0, 'CONFIRMADO', '75', 75);
INSERT INTO destino (id, excluido, status, sede_id, viagem_id) VALUES (76, 1, 'NAO_CONFIRMADO', '76', 76);
INSERT INTO destino (id, excluido, status, sede_id, viagem_id) VALUES (77, 1, 'NAO_CONFIRMADO', '77', 77);
INSERT INTO destino (id, excluido, status, sede_id, viagem_id) VALUES (78, 1, 'NAO_CONFIRMADO', '78', 78);
INSERT INTO destino (id, excluido, status, sede_id, viagem_id) VALUES (79, 1, 'CONFIRMADO', '79', 79);
INSERT INTO destino (id, excluido, status, sede_id, viagem_id) VALUES (80, 1, 'NAO_CONFIRMADO', '80', 80);
INSERT INTO destino (id, excluido, status, sede_id, viagem_id) VALUES (81, 0, 'CONFIRMADO', '81', 81);
INSERT INTO destino (id, excluido, status, sede_id, viagem_id) VALUES (82, 0, 'CONFIRMADO', '82', 82);
INSERT INTO destino (id, excluido, status, sede_id, viagem_id) VALUES (83, 0, 'CONFIRMADO', '83', 83);
INSERT INTO destino (id, excluido, status, sede_id, viagem_id) VALUES (84, 0, 'CONFIRMADO', '84', 84);
INSERT INTO destino (id, excluido, status, sede_id, viagem_id) VALUES (85, 1, 'CONFIRMADO', '85', 85);
INSERT INTO destino (id, excluido, status, sede_id, viagem_id) VALUES (86, 1, 'NAO_CONFIRMADO', '86', 86);
INSERT INTO destino (id, excluido, status, sede_id, viagem_id) VALUES (87, 1, 'CONFIRMADO', '87', 87);
INSERT INTO destino (id, excluido, status, sede_id, viagem_id) VALUES (88, 0, 'NAO_CONFIRMADO', '88', 88);
INSERT INTO destino (id, excluido, status, sede_id, viagem_id) VALUES (89, 0, 'CONFIRMADO', '89', 89);
INSERT INTO destino (id, excluido, status, sede_id, viagem_id) VALUES (90, 0, 'CONFIRMADO', '90', 90);
INSERT INTO destino (id, excluido, status, sede_id, viagem_id) VALUES (91, 0, 'CONFIRMADO', '91', 91);
INSERT INTO destino (id, excluido, status, sede_id, viagem_id) VALUES (92, 0, 'CONFIRMADO', '92', 92);
INSERT INTO destino (id, excluido, status, sede_id, viagem_id) VALUES (93, 1, 'NAO_CONFIRMADO', '93', 93);
INSERT INTO destino (id, excluido, status, sede_id, viagem_id) VALUES (94, 0, 'NAO_CONFIRMADO', '94', 94);
INSERT INTO destino (id, excluido, status, sede_id, viagem_id) VALUES (95, 1, 'NAO_CONFIRMADO', '95', 95);
INSERT INTO destino (id, excluido, status, sede_id, viagem_id) VALUES (96, 0, 'NAO_CONFIRMADO', '96', 96);
INSERT INTO destino (id, excluido, status, sede_id, viagem_id) VALUES (97, 1, 'CONFIRMADO', '97', 97);
INSERT INTO destino (id, excluido, status, sede_id, viagem_id) VALUES (98, 0, 'CONFIRMADO', '98', 98);
INSERT INTO destino (id, excluido, status, sede_id, viagem_id) VALUES (99, 1, 'NAO_CONFIRMADO', '99', 99);
INSERT INTO destino (id, excluido, status, sede_id, viagem_id) VALUES (100, 0, 'NAO_CONFIRMADO', '100', 100);


INSERT INTO material_quantidade_setor (id, quantidade, destino_id, material_id, setor_id) VALUES (1, 19, 1, 1, 1);
INSERT INTO material_quantidade_setor (id, quantidade, destino_id, material_id, setor_id) VALUES (2, 16, 2, 2, 2);
INSERT INTO material_quantidade_setor (id, quantidade, destino_id, material_id, setor_id) VALUES (3, 5, 3, 3, 3);
INSERT INTO material_quantidade_setor (id, quantidade, destino_id, material_id, setor_id) VALUES (4, 14, 4, 4, 4);
INSERT INTO material_quantidade_setor (id, quantidade, destino_id, material_id, setor_id) VALUES (5, 6, 5, 5, 5);
INSERT INTO material_quantidade_setor (id, quantidade, destino_id, material_id, setor_id) VALUES (6, 9, 6, 6, 6);
INSERT INTO material_quantidade_setor (id, quantidade, destino_id, material_id, setor_id) VALUES (7, 9, 7, 7, 7);
INSERT INTO material_quantidade_setor (id, quantidade, destino_id, material_id, setor_id) VALUES (8, 8, 8, 8, 8);
INSERT INTO material_quantidade_setor (id, quantidade, destino_id, material_id, setor_id) VALUES (9, 18, 9, 9, 9);
INSERT INTO material_quantidade_setor (id, quantidade, destino_id, material_id, setor_id) VALUES (10, 3, 10, 10, 10);
INSERT INTO material_quantidade_setor (id, quantidade, destino_id, material_id, setor_id) VALUES (11, 9, 11, 11, 11);
INSERT INTO material_quantidade_setor (id, quantidade, destino_id, material_id, setor_id) VALUES (12, 4, 12, 12, 12);
INSERT INTO material_quantidade_setor (id, quantidade, destino_id, material_id, setor_id) VALUES (13, 5, 13, 13, 13);
INSERT INTO material_quantidade_setor (id, quantidade, destino_id, material_id, setor_id) VALUES (14, 19, 14, 14, 14);
INSERT INTO material_quantidade_setor (id, quantidade, destino_id, material_id, setor_id) VALUES (15, 10, 15, 15, 15);
INSERT INTO material_quantidade_setor (id, quantidade, destino_id, material_id, setor_id) VALUES (16, 13, 16, 16, 16);
INSERT INTO material_quantidade_setor (id, quantidade, destino_id, material_id, setor_id) VALUES (17, 5, 17, 17, 17);
INSERT INTO material_quantidade_setor (id, quantidade, destino_id, material_id, setor_id) VALUES (18, 6, 18, 18, 18);
INSERT INTO material_quantidade_setor (id, quantidade, destino_id, material_id, setor_id) VALUES (19, 6, 19, 19, 19);
INSERT INTO material_quantidade_setor (id, quantidade, destino_id, material_id, setor_id) VALUES (20, 18, 20, 20, 20);
INSERT INTO material_quantidade_setor (id, quantidade, destino_id, material_id, setor_id) VALUES (21, 4, 21, 21, 21);
INSERT INTO material_quantidade_setor (id, quantidade, destino_id, material_id, setor_id) VALUES (22, 20, 22, 22, 22);
INSERT INTO material_quantidade_setor (id, quantidade, destino_id, material_id, setor_id) VALUES (23, 7, 23, 23, 23);
INSERT INTO material_quantidade_setor (id, quantidade, destino_id, material_id, setor_id) VALUES (24, 9, 24, 24, 24);
INSERT INTO material_quantidade_setor (id, quantidade, destino_id, material_id, setor_id) VALUES (25, 4, 25, 25, 25);
INSERT INTO material_quantidade_setor (id, quantidade, destino_id, material_id, setor_id) VALUES (26, 16, 26, 26, 26);
INSERT INTO material_quantidade_setor (id, quantidade, destino_id, material_id, setor_id) VALUES (27, 14, 27, 27, 27);
INSERT INTO material_quantidade_setor (id, quantidade, destino_id, material_id, setor_id) VALUES (28, 2, 28, 28, 28);
INSERT INTO material_quantidade_setor (id, quantidade, destino_id, material_id, setor_id) VALUES (29, 16, 29, 29, 29);
INSERT INTO material_quantidade_setor (id, quantidade, destino_id, material_id, setor_id) VALUES (30, 3, 30, 30, 30);
INSERT INTO material_quantidade_setor (id, quantidade, destino_id, material_id, setor_id) VALUES (31, 20, 31, 31, 31);
INSERT INTO material_quantidade_setor (id, quantidade, destino_id, material_id, setor_id) VALUES (32, 11, 32, 32, 32);
INSERT INTO material_quantidade_setor (id, quantidade, destino_id, material_id, setor_id) VALUES (33, 8, 33, 33, 33);
INSERT INTO material_quantidade_setor (id, quantidade, destino_id, material_id, setor_id) VALUES (34, 4, 34, 34, 34);
INSERT INTO material_quantidade_setor (id, quantidade, destino_id, material_id, setor_id) VALUES (35, 19, 35, 35, 35);
INSERT INTO material_quantidade_setor (id, quantidade, destino_id, material_id, setor_id) VALUES (36, 13, 36, 36, 36);
INSERT INTO material_quantidade_setor (id, quantidade, destino_id, material_id, setor_id) VALUES (37, 4, 37, 37, 37);
INSERT INTO material_quantidade_setor (id, quantidade, destino_id, material_id, setor_id) VALUES (38, 13, 38, 38, 38);
INSERT INTO material_quantidade_setor (id, quantidade, destino_id, material_id, setor_id) VALUES (39, 17, 39, 39, 39);
INSERT INTO material_quantidade_setor (id, quantidade, destino_id, material_id, setor_id) VALUES (40, 16, 40, 40, 40);
INSERT INTO material_quantidade_setor (id, quantidade, destino_id, material_id, setor_id) VALUES (41, 15, 41, 41, 41);
INSERT INTO material_quantidade_setor (id, quantidade, destino_id, material_id, setor_id) VALUES (42, 10, 42, 42, 42);
INSERT INTO material_quantidade_setor (id, quantidade, destino_id, material_id, setor_id) VALUES (43, 4, 43, 43, 43);
INSERT INTO material_quantidade_setor (id, quantidade, destino_id, material_id, setor_id) VALUES (44, 12, 44, 44, 44);
INSERT INTO material_quantidade_setor (id, quantidade, destino_id, material_id, setor_id) VALUES (45, 12, 45, 45, 45);
INSERT INTO material_quantidade_setor (id, quantidade, destino_id, material_id, setor_id) VALUES (46, 6, 46, 46, 46);
INSERT INTO material_quantidade_setor (id, quantidade, destino_id, material_id, setor_id) VALUES (47, 15, 47, 47, 47);
INSERT INTO material_quantidade_setor (id, quantidade, destino_id, material_id, setor_id) VALUES (48, 19, 48, 48, 48);
INSERT INTO material_quantidade_setor (id, quantidade, destino_id, material_id, setor_id) VALUES (49, 17, 49, 49, 49);
INSERT INTO material_quantidade_setor (id, quantidade, destino_id, material_id, setor_id) VALUES (50, 12, 50, 50, 50);
INSERT INTO material_quantidade_setor (id, quantidade, destino_id, material_id, setor_id) VALUES (51, 19, 51, 51, 51);
INSERT INTO material_quantidade_setor (id, quantidade, destino_id, material_id, setor_id) VALUES (52, 2, 52, 52, 52);
INSERT INTO material_quantidade_setor (id, quantidade, destino_id, material_id, setor_id) VALUES (53, 14, 53, 53, 53);
INSERT INTO material_quantidade_setor (id, quantidade, destino_id, material_id, setor_id) VALUES (54, 5, 54, 54, 54);
INSERT INTO material_quantidade_setor (id, quantidade, destino_id, material_id, setor_id) VALUES (55, 19, 55, 55, 55);
INSERT INTO material_quantidade_setor (id, quantidade, destino_id, material_id, setor_id) VALUES (56, 7, 56, 56, 56);
INSERT INTO material_quantidade_setor (id, quantidade, destino_id, material_id, setor_id) VALUES (57, 17, 57, 57, 57);
INSERT INTO material_quantidade_setor (id, quantidade, destino_id, material_id, setor_id) VALUES (58, 17, 58, 58, 58);
INSERT INTO material_quantidade_setor (id, quantidade, destino_id, material_id, setor_id) VALUES (59, 2, 59, 59, 59);
INSERT INTO material_quantidade_setor (id, quantidade, destino_id, material_id, setor_id) VALUES (60, 10, 60, 60, 60);
INSERT INTO material_quantidade_setor (id, quantidade, destino_id, material_id, setor_id) VALUES (61, 3, 61, 61, 61);
INSERT INTO material_quantidade_setor (id, quantidade, destino_id, material_id, setor_id) VALUES (62, 3, 62, 62, 62);
INSERT INTO material_quantidade_setor (id, quantidade, destino_id, material_id, setor_id) VALUES (63, 7, 63, 63, 63);
INSERT INTO material_quantidade_setor (id, quantidade, destino_id, material_id, setor_id) VALUES (64, 3, 64, 64, 64);
INSERT INTO material_quantidade_setor (id, quantidade, destino_id, material_id, setor_id) VALUES (65, 10, 65, 65, 65);
INSERT INTO material_quantidade_setor (id, quantidade, destino_id, material_id, setor_id) VALUES (66, 17, 66, 66, 66);
INSERT INTO material_quantidade_setor (id, quantidade, destino_id, material_id, setor_id) VALUES (67, 11, 67, 67, 67);
INSERT INTO material_quantidade_setor (id, quantidade, destino_id, material_id, setor_id) VALUES (68, 18, 68, 68, 68);
INSERT INTO material_quantidade_setor (id, quantidade, destino_id, material_id, setor_id) VALUES (69, 10, 69, 69, 69);
INSERT INTO material_quantidade_setor (id, quantidade, destino_id, material_id, setor_id) VALUES (70, 17, 70, 70, 70);
INSERT INTO material_quantidade_setor (id, quantidade, destino_id, material_id, setor_id) VALUES (71, 7, 71, 71, 71);
INSERT INTO material_quantidade_setor (id, quantidade, destino_id, material_id, setor_id) VALUES (72, 7, 72, 72, 72);
INSERT INTO material_quantidade_setor (id, quantidade, destino_id, material_id, setor_id) VALUES (73, 13, 73, 73, 73);
INSERT INTO material_quantidade_setor (id, quantidade, destino_id, material_id, setor_id) VALUES (74, 6, 74, 74, 74);
INSERT INTO material_quantidade_setor (id, quantidade, destino_id, material_id, setor_id) VALUES (75, 18, 75, 75, 75);
INSERT INTO material_quantidade_setor (id, quantidade, destino_id, material_id, setor_id) VALUES (76, 1, 76, 76, 76);
INSERT INTO material_quantidade_setor (id, quantidade, destino_id, material_id, setor_id) VALUES (77, 1, 77, 77, 77);
INSERT INTO material_quantidade_setor (id, quantidade, destino_id, material_id, setor_id) VALUES (78, 11, 78, 78, 78);
INSERT INTO material_quantidade_setor (id, quantidade, destino_id, material_id, setor_id) VALUES (79, 5, 79, 79, 79);
INSERT INTO material_quantidade_setor (id, quantidade, destino_id, material_id, setor_id) VALUES (80, 18, 80, 80, 80);
INSERT INTO material_quantidade_setor (id, quantidade, destino_id, material_id, setor_id) VALUES (81, 9, 81, 81, 81);
INSERT INTO material_quantidade_setor (id, quantidade, destino_id, material_id, setor_id) VALUES (82, 1, 82, 82, 82);
INSERT INTO material_quantidade_setor (id, quantidade, destino_id, material_id, setor_id) VALUES (83, 7, 83, 83, 83);
INSERT INTO material_quantidade_setor (id, quantidade, destino_id, material_id, setor_id) VALUES (84, 6, 84, 84, 84);
INSERT INTO material_quantidade_setor (id, quantidade, destino_id, material_id, setor_id) VALUES (85, 15, 85, 85, 85);
INSERT INTO material_quantidade_setor (id, quantidade, destino_id, material_id, setor_id) VALUES (86, 11, 86, 86, 86);
INSERT INTO material_quantidade_setor (id, quantidade, destino_id, material_id, setor_id) VALUES (87, 9, 87, 87, 87);
INSERT INTO material_quantidade_setor (id, quantidade, destino_id, material_id, setor_id) VALUES (88, 14, 88, 88, 88);
INSERT INTO material_quantidade_setor (id, quantidade, destino_id, material_id, setor_id) VALUES (89, 13, 89, 89, 89);
INSERT INTO material_quantidade_setor (id, quantidade, destino_id, material_id, setor_id) VALUES (90, 14, 90, 90, 90);
INSERT INTO material_quantidade_setor (id, quantidade, destino_id, material_id, setor_id) VALUES (91, 1, 91, 91, 91);
INSERT INTO material_quantidade_setor (id, quantidade, destino_id, material_id, setor_id) VALUES (92, 7, 92, 92, 92);
INSERT INTO material_quantidade_setor (id, quantidade, destino_id, material_id, setor_id) VALUES (93, 15, 93, 93, 93);
INSERT INTO material_quantidade_setor (id, quantidade, destino_id, material_id, setor_id) VALUES (94, 10, 94, 94, 94);
INSERT INTO material_quantidade_setor (id, quantidade, destino_id, material_id, setor_id) VALUES (95, 14, 95, 95, 95);
INSERT INTO material_quantidade_setor (id, quantidade, destino_id, material_id, setor_id) VALUES (96, 20, 96, 96, 96);
INSERT INTO material_quantidade_setor (id, quantidade, destino_id, material_id, setor_id) VALUES (97, 14, 97, 97, 97);
INSERT INTO material_quantidade_setor (id, quantidade, destino_id, material_id, setor_id) VALUES (98, 5, 98, 98, 98);
INSERT INTO material_quantidade_setor (id, quantidade, destino_id, material_id, setor_id) VALUES (99, 17, 99, 99, 99);
INSERT INTO material_quantidade_setor (id, quantidade, destino_id, material_id, setor_id) VALUES (100, 14, 100, 100, 100);
